Birds_spp,Sample,Year,longitude,latitude
Blackbird,22_3_A,2022.0,-2.4366077943116995,52.7722064110007
Blackbird,22_3_B,2022.0,-2.4361064141737394,52.77026914735531
Blackbird,22_3_C,2022.0,-2.4361815234690285,52.768943650692
Blackbird,22_3_B,2022.0,-2.435932513111954,52.76894456644343
Blackbird,22_3_B,2022.0,-2.433273579891221,52.76974847001394
Blackbird,22_3_A,2022.0,-2.4338980013664178,52.769531812820276
Skylark,22_3_A,2022.0,-2.4376221762175794,52.772421917552705
Skylark,22_3_C,2022.0,-2.437909562570199,52.772240587689204
Skylark,22_3_A,2022.0,-2.438039757394185,52.77240575928474
Skylark,22_3_C,2022.0,-2.437658691136838,52.77125734318422
Skylark,22_3_B,2022.0,-2.4380603908613865,52.77126073197123
Skylark,22_3_C,2022.0,-2.4346634165481227,52.77056677379896
Skylark,22_3_B,2022.0,-2.438214894523984,52.76904821237838
Blue tit,22_3_B,2022.0,-2.4381547921745694,52.77266112118916
Blue tit,22_3_B,2022.0,-2.4371097828288653,52.77259676817143
Blue tit,22_3_A,2022.0,-2.436326656952566,52.77220988190595
Blue tit,22_3_B,2022.0,-2.43634418560669,52.77235598135287
Blue tit,22_3_C,2022.0,-2.436012485723424,52.77212333918169
Blue tit,22_3_A,2022.0,-2.4356719321061377,52.77100400055082
Blue tit,22_3_B,2022.0,-2.436454336793597,52.77051878206903
Blue tit,22_3_C,2022.0,-2.4364052133294916,52.7704263923459
Blue tit,22_3_B,2022.0,-2.4359818066327743,52.76985791031683
Blue tit,22_3_A,2022.0,-2.4351633040654117,52.769139841253995
Blue tit,22_3_B,2022.0,-2.4332233752694625,52.76954645992471
Chiffchaff,22_3_A,2022.0,-2.4357145257764423,52.772855254129965
Chiffchaff,22_3_B,2022.0,-2.435901626009844,52.770676723483994
Chiffchaff,22_3_B,2022.0,-2.433774482665185,52.76922775640549
Goldcrest,22_3_A,2022.0,-2.4358044530885223,52.76979522455878
Grey wagtail,22_3_A,2022.0,-2.4350677241057648,52.7700269203155
Lapwing,22_3_A,2022.0,-2.4375215039779743,52.77328510828695
Lapwing,22_3_A,2022.0,-2.4372750321442496,52.773355203070956
Lapwing,22_3_B,2022.0,-2.4376275969255143,52.772489082079105
Lapwing,22_3_A,2022.0,-2.4380068023648187,52.77238390350075
Robin,22_3_B,2022.0,-2.4372538229107423,52.77313619348089
Robin,22_3_B,2022.0,-2.435668745211744,52.77243864070123
Dunnock,22_3_B,2022.0,-2.434774704170907,52.77239579843681
Goldfinch,22_3_B,2022.0,-2.4363424838728847,52.77326639084551
Goldfinch,22_3_B,2022.0,-2.4331825944875107,52.76906918374173
Grey partridge,22_3_B,2022.0,-2.4374277588674875,52.77152122054069
Grey partridge,22_3_B,2022.0,-2.4331286531816234,52.769380716256535
Curlew,22_3_C,2022.0,-2.4378018638227585,52.770908699992326
Great tit,22_3_B,2022.0,-2.4359422862039883,52.76937040507065
Blackcap,22_3_B,2022.0,-2.434326118901241,52.76935327414613
Tree creeper,22_3_C,2022.0,-2.435140832201532,52.769073544434235
Coal tit,22_3_B,2022.0,-2.4333034179447166,52.76974906789359
Chiffchaff,22_3_A,2022.0,-2.4423878125936995,52.776004835352424
Chiffchaff,22_3_B,2022.0,-2.4405264965969207,52.7757238561997
Chiffchaff,22_3_B,2022.0,-2.4391641846991754,52.77502759374725
Chiffchaff,22_3_A,2022.0,-2.4383637294271345,52.7753233855851
Chiffchaff,22_3_C,2022.0,-2.4357043098905145,52.773945320382474
Blackbird,22_3_A,2022.0,-2.4416293295411378,52.77603719165284
Blackbird,22_3_B,2022.0,-2.43814870151921,52.77532664105648
Skylark,22_3_A,2022.0,-2.4415270658518335,52.77595636750342
Skylark,22_3_A,2022.0,-2.4416559299657523,52.775057711432545
Skylark,22_3_B,2022.0,-2.438225434619063,52.77367518969936
Blue tit,22_3_A,2022.0,-2.4407730385685755,52.776028073841935
Blue tit,22_3_C,2022.0,-2.4398643074279653,52.77484290275453
Blue tit,22_3_B,2022.0,-2.4389150672287445,52.77527213100188
Blue tit,22_3_C,2022.0,-2.435527820822329,52.77415021155403
Wren,22_3_B,2022.0,-2.4390515480234445,52.773915748739824
Wren,22_3_C,2022.0,-2.438860822381804,52.77391399401466
Wren,22_3_C,2022.0,-2.435722556718961,52.77374101051667
Long-tailed tit,22_3_B,2022.0,-2.4399240536909463,52.77473194705739
Redstart,22_3_B,2022.0,-2.4404166920016355,52.77569965650696
Firecrest,22_3_B,2022.0,-2.4395009817603506,52.77583347406798
Goldfinch,22_3_A,2022.0,-2.4403657392675178,52.77547591689375
Goldfinch,22_3_C,2022.0,-2.4391780737031303,52.77560089858107
Goldfinch,22_3_B,2022.0,-2.4391728018294385,52.77548034104035
Robin,22_3_A,2022.0,-2.43787998592334,52.775236585658114
Robin,22_3_B,2022.0,-2.4382643254748197,52.77391127864566
Coot,22_3_A,2022.0,-2.4395612708213483,52.77456842169949
Coot,22_3_C,2022.0,-2.439362947859399,52.77461837183335
Coot,22_3_C,2022.0,-2.439057592576089,52.77451615106253
Moorhen,22_3_A,2022.0,-2.43888537263862,52.77474071747649
Moorhen,22_3_B,2022.0,-2.4387112201190555,52.77477335175817
Lapwing,22_3_C,2022.0,-2.43731543216521,52.77356535445206
Lapwing,22_3_B,2022.0,-2.437121020622268,52.77360052188222
Lapwing,22_3_C,2022.0,-2.4386200337120383,52.77375613653829
Lapwing,22_3_C,2022.0,-2.438556745624894,52.77371064580077
Lapwing,22_3_C,2022.0,-2.4385111824090244,52.7737616196643
Lapwing,22_3_C,2022.0,-2.4387078655660854,52.77374311027675
Lapwing,22_3_C,2022.0,-2.4386747659611263,52.7737838770187
Lapwing,22_3_C,2022.0,-2.4387458947457485,52.773775993056034
Lapwing,22_3_C,2022.0,-2.4419170428221646,52.7748117827429
Lapwing,22_3_C,2022.0,-2.438661382696671,52.773702637954706
Lapwing,22_3_C,2022.0,-2.442141651870165,52.77469271033516
Lapwing,22_3_C,2022.0,-2.442122002370481,52.774782876199986
Lapwing,22_3_C,2022.0,-2.442172869770736,52.77473712668188
Lapwing,22_3_C,2022.0,-2.442060283259004,52.77470630985891
Lapwing,22_3_C,2022.0,-2.441991949703404,52.77480650649756
Lapwing,22_3_C,2022.0,-2.4420613582417086,52.77475393266107
Lapwing,23_3_C,2023.0,-2.441962502278473,52.77476965788705
Wren,22_4_C,2022.0,-2.430870128426324,52.77138067301349
Wren,22_4_C,2022.0,-2.4295334491974763,52.77120270553258
Wren,22_4_B,2022.0,-2.429503456360253,52.7710722305185
Wren,22_4_A,2022.0,-2.4291459186423756,52.7682877396898
Wren,22_4_B,2022.0,-2.429014691106935,52.76807928061816
Wren,22_4_C,2022.0,-2.428862035011944,52.768610873318146
Wren,22_4_A,2022.0,-2.4289201303285144,52.768680307823374
Blue tit,22_4_A,2022.0,-2.4293607789727893,52.77115980301839
Blue tit,22_4_A,2022.0,-2.428795088556875,52.77056116521341
Blue tit,22_4_B,2022.0,-2.4315071373723356,52.76902785016576
Chiffchaff,22_4_A,2022.0,-2.4300786238107808,52.771174612654576
Chiffchaff,22_4_B,2022.0,-2.4288471093179322,52.77001252564455
Chiffchaff,22_4_A,2022.0,-2.42873234798584,52.76855910883132
Chiffchaff,22_4_B,2022.0,-2.4299968363788835,52.76870252478595
Coal tit,22_4_A,2022.0,-2.429555811722522,52.77055841177428
Teal,22_4_A,2022.0,-2.4310524226280297,52.77094473157471
Teal,22_4_A,2022.0,-2.429669094234296,52.77040130092133
Skylark,22_4_A,2022.0,-2.4291792004444477,52.77021155239774
Skylark,22_4_C,2022.0,-2.4288644582135404,52.77031715814469
Great tit,22_4_A,2022.0,-2.429124100298648,52.77044680243804
Dunnock,22_4_B,2022.0,-2.4296218852942157,52.771437435720514
Cuckoo,22_4_A,2022.0,-2.4311150687447043,52.77002171247423
Cuckoo,22_4_A,2022.0,-2.4274984307909637,52.770069629286965
Robin,22_4_C,2022.0,-2.429480483624309,52.768739218534485
Robin,22_4_A,2022.0,-2.4292788608839393,52.76867030402222
Mistle thrush,22_4_A,2022.0,-2.42901999952684,52.76861900744729
Stock dove,22_4_A,2022.0,-2.4286765630413703,52.768724716560804
Robin,22_4_B,2022.0,-2.42804094530846,52.76830914497354
Green woodpecker,22_4_A,2022.0,-2.43052752388249,52.77150955397466
Blackcap,22_4_A,2022.0,-2.4300869679824193,52.771485719507915
Blackbird,22_4_B,2022.0,-2.4288041113515586,52.771096150354914
Swallow,22_4_B,2022.0,-2.4289707194651804,52.77098109810564
Chaffinch,22_4_B,2022.0,-2.429988573677642,52.76878217974668
Redstart,22_4_C,2022.0,-2.4285908533622784,52.76852002204934
Chaffinch,22_4_C,2022.0,-2.429091902371399,52.76827007869047
Firecrest,22_4_B,2022.0,-2.427726045857552,52.768045969528536
Blue tit,22_4_C,2022.0,-2.429547604734191,52.768018332440306
Blue tit,22_4_C,2022.0,-2.4277149588468996,52.768164011558234
Wren,22_4_C,2022.0,-2.4280420353747796,52.76791079570315
Wren,22_4_A,2022.0,-2.4281426737100937,52.7679451958765
Robin,22_4_C,2022.0,-2.428296614422076,52.76757093201033
Chiffchaff,22_4_C,2022.0,-2.4281461688132837,52.76684144124681
Skylark,22_4_C,2022.0,-2.427199852300535,52.766775327521906
Dunnock,22_4_A,2022.0,-2.4273958434312095,52.76630531352578
Robin,22_4_C,2022.0,-2.428926849500445,52.766091203686514
Chiffchaff,22_4_B,2022.0,-2.427248481475321,52.765888682210566
Blue tit,22_4_A,2022.0,-2.4267602412051157,52.7657774590535
Linnet,22_4_A,2022.0,-2.427662189816344,52.76570468215473
Yellowhammer,22_4_A,2022.0,-2.4278175757179676,52.76547815859142
Great crested grebe,22_4_C,2022.0,-2.427359185167942,52.76548850257208
Skylark,22_4_C,2022.0,-2.4310003960819206,52.76568390366286
Great crested grebe,22_4_A,2022.0,-2.429791583654705,52.76514945671567
Wren,22_4_C,2022.0,-2.4277975384095685,52.764895941587895
Wren,22_4_A,2022.0,-2.4274108750000107,52.7649147178444
Skylark,22_4_C,2022.0,-2.427521063791678,52.764462394523015
Wren,22_4_B,2022.0,-2.429043318576657,52.76482191307391
Blackbird,22_4_C,2022.0,-2.42760337432593,52.76818568842862
Bullfinch,22_4_A,2022.0,-2.427616530753504,52.76806850715898
Song thrush,22_4_B,2022.0,-2.4278476390592485,52.7681124242295
Blackcap,22_4_C,2022.0,-2.4281143405172876,52.76794544863436
Goldcrest,22_4_C,2022.0,-2.4282753383478255,52.76794486721815
Goldcrest,22_4_B,2022.0,-2.4282841539739586,52.76774952603846
Blackbird,22_4_B,2022.0,-2.4279272141289767,52.767470871409
Firecrest,22_4_B,2022.0,-2.4281653865203174,52.76767834155269
Grey partridge,22_4_C,2022.0,-2.4289139525625263,52.767395692646886
Blackbird,22_4_C,2022.0,-2.4289461941277186,52.76630835382645
Goldfinch,22_4_C,2022.0,-2.427034164763306,52.76615249778855
Coot,22_4_B,2022.0,-2.430289406517818,52.765379022280925
Coot,22_4_A,2022.0,-2.4302352301127828,52.765327136363446
Coot,22_4_C,2022.0,-2.4301822093606607,52.76539243188789
Coot,22_4_A,2022.0,-2.4287206618740456,52.76520241620625
Coot,22_4_B,2022.0,-2.4288279230149485,52.765195518002315
Coot,22_4_C,2022.0,-2.428785568853334,52.765254264007865
Moorhen,22_4_A,2022.0,-2.428722645191053,52.76540422877306
Redstart,22_4_A,2022.0,-2.430854695601404,52.76501890214653
Nuthatch,22_4_C,2022.0,-2.4307989760892124,52.76481077452889
Nuthatch,22_4_A,2022.0,-2.4304008491057,52.7647080553702
Whitethroat,22_4_C,2022.0,-2.430829308891228,52.764621865171506
Goldfinch,22_4_A,2022.0,-2.4295099324901837,52.764698265457206
Bullfinch,22_4_A,2022.0,-2.42931745421295,52.76477057602324
Long-tailed tit,22_4_C,2022.0,-2.4285245989556885,52.76491016083381
Firecrest,22_4_C,2022.0,-2.428531622381306,52.76453253719495
Kingfisher,22_4_C,2022.0,-2.4274002436155078,52.76517463173442
Woodpigeon,22_5_B,2022.0,-2.4373500311318024,52.78461761953866
Woodpigeon,22_5_C,2022.0,-2.4335608618563835,52.78438587151857
Woodpigeon,22_5_C,2022.0,-2.4369195937394577,52.783652307233744
Blackcap,22_5_C,2022.0,-2.433594372069059,52.784099143819745
Blackcap,22_5_C,2022.0,-2.434589273056434,52.7848954769276
Blackcap,22_5_B,2022.0,-2.438913706703193,52.78462759010495
Mallard,22_5_A,2022.0,-2.437315497447326,52.783764230239576
Mallard,22_5_B,2022.0,-2.437237614412565,52.78376766692629
Coot,22_5_A,2022.0,-2.4372906631538727,52.783877704109415
Canada goose,22_5_A,2022.0,-2.4374338921140613,52.783656710305365
Whitethroat,22_5_B,2022.0,-2.4356419874193924,52.78315623564414
Dunnock,22_5_C,2022.0,-2.433461604887663,52.78432954322393
Dunnock,22_5_A,2022.0,-2.4381664744511897,52.78418942220418
Great tit,22_5_A,2022.0,-2.4369115407903346,52.78388540050347
Great tit,22_5_A,2022.0,-2.4348373812333843,52.78477173666129
Blue tit,22_5_B,2022.0,-2.435679949982151,52.78435605872235
Blue tit,22_5_A,2022.0,-2.4386546490161884,52.78417816897301
Wren,22_5_B,2022.0,-2.4334857604456133,52.78414678349569
Wren,22_5_C,2022.0,-2.436429540707751,52.78399425859227
Wren,22_5_B,2022.0,-2.4370291940391504,52.784221964337576
Wren,22_5_C,2022.0,-2.437160095287908,52.78432541562737
Wren,22_5_B,2022.0,-2.4376787739030825,52.78424791429644
Wren,22_5_C,2022.0,-2.4377990033634593,52.784323058697865
Wren,22_5_B,2022.0,-2.4374268728431607,52.78451025286614
Wren,22_5_A,2022.0,-2.437769829520591,52.78452158539045
Wren,22_5_A,2022.0,-2.4380769002945333,52.78458029210995
Wren,22_5_B,2022.0,-2.4386073590751125,52.783608282893255
Wren,22_5_A,2022.0,-2.4385149389454694,52.78371570795959
Song thrush,22_5_A,2022.0,-2.433971772637249,52.78391824140781
Song thrush,22_5_C,2022.0,-2.4383282924058833,52.78375104257517
Song thrush,22_5_B,2022.0,-2.438302954141937,52.78381412639227
Blackbird,22_5_A,2022.0,-2.436908524297974,52.78410272766848
Blackbird,22_5_B,2022.0,-2.437425008403205,52.78432443878136
Robin,22_5_C,2022.0,-2.4341254934056975,52.78474914875585
Robin,22_5_B,2022.0,-2.4372919448892194,52.784523348508394
Robin,22_5_A,2022.0,-2.437217928294616,52.784394491595606
Robin,22_5_B,2022.0,-2.4376689542970533,52.784304641679796
Robin,22_5_A,2022.0,-2.4381177629082957,52.78399433267222
Chiffchaff,22_5_B,2022.0,-2.439104823311523,52.784648929170054
Chiffchaff,22_5_A,2022.0,-2.438220126934682,52.78448842721347
Chiffchaff,22_5_C,2022.0,-2.438122042141247,52.78351559160777
Chiffchaff,22_5_B,2022.0,-2.4380693398563733,52.78344019809992
Chiffchaff,22_5_A,2022.0,-2.437831320716231,52.78353241284631
Whitethroat,22_5_B,2022.0,-2.4397482994072957,52.78116766759441
Whitethroat,22_5_B,2022.0,-2.440418188208388,52.78090430847124
Blackcap,22_5_C,2022.0,-2.4416584527368754,52.78178426558655
Blackcap,22_5_C,2022.0,-2.4396104432519192,52.781228149547815
Woodpigeon,22_5_B,2022.0,-2.4412410291341433,52.78060739256908
Woodpigeon,22_5_B,2022.0,-2.438935297656073,52.78146153812504
Woodpigeon,22_5_C,2022.0,-2.438333023665268,52.78205747697754
Skylark,22_5_C,2022.0,-2.4408963565937785,52.782710652094885
Skylark,22_5_B,2022.0,-2.440753157897919,52.782732174186165
Wren,22_5_A,2022.0,-2.4398763861394235,52.781119215884345
Wren,22_5_B,2022.0,-2.441093226214095,52.78066191618279
Wren,22_5_C,2022.0,-2.440743375999499,52.78078615718286
Wren,22_5_A,2022.0,-2.4384182067747493,52.78167634736984
Wren,22_5_A,2022.0,-2.4375956273531023,52.78200322802584
Wren,22_5_C,2022.0,-2.4376401936726775,52.782009060646985
Wren,22_5_B,2022.0,-2.437546296470579,52.7820154042131
Chiffchaff,22_5_A,2022.0,-2.43769428903524,52.7819788755899
Chiffchaff,22_5_B,2022.0,-2.4378965872998224,52.78193315064187
Chiffchaff,22_5_C,2022.0,-2.4377711152860906,52.78224246360585
Chiffchaff,22_5_A,2022.0,-2.439206400142411,52.781373576664606
Chiffchaff,22_5_A,2022.0,-2.440812363268692,52.78076191242738
Robin,22_5_A,2022.0,-2.439408482472137,52.78130686013691
Dunnock,22_5_B,2022.0,-2.437294967179574,52.78210328894718
Dunnock,22_5_B,2022.0,-2.440972331257014,52.78093223457091
Blackbird,22_5_B,2022.0,-2.438041019950182,52.78203456761564
Blackbird,22_5_C,2022.0,-2.4381445663121912,52.78200419967998
Song thrush,22_5_B,2022.0,-2.4385877272286134,52.78181365342446
Blue tit,22_6_C,2022.0,-2.432296034589805,52.78916714279475
Blue tit,22_6_B,2022.0,-2.4328588217054445,52.78917418713838
Blue tit,22_6_C,2022.0,-2.4328806068287054,52.78910133070449
Blue tit,22_6_A,2022.0,-2.4327683386046277,52.7891290317824
Blue tit,22_6_C,2022.0,-2.4334684279941756,52.788607939426456
Blackcap,22_6_C,2022.0,-2.4333768645770557,52.78920868367285
Blackcap,22_6_B,2022.0,-2.436374741474558,52.78663230359257
Blackbird,22_6_B,2022.0,-2.4328089228764798,52.78943818557518
Blackbird,22_6_B,2022.0,-2.4361480831499875,52.786473937790724
Blackbird,22_6_A,2022.0,-2.435856363095137,52.78656143292858
Blackbird,22_6_C,2022.0,-2.4343789334593753,52.786616887788725
Blackbird,22_6_A,2022.0,-2.4330602660812084,52.78679455570772
Dunnock,22_6_B,2022.0,-2.4351948550164177,52.78643195404788
Song thrush,22_6_C,2022.0,-2.433736335840361,52.787633568425036
Song thrush,22_6_B,2022.0,-2.4338407350902993,52.787569506733895
Song thrush,22_6_B,2022.0,-2.4323534654160874,52.78739299581782
Woodpigeon,22_6_B,2022.0,-2.4322243023725907,52.78722971852135
Chiffchaff,22_6_B,2022.0,-2.432528004570769,52.7875924959544
Chiffchaff,22_6_C,2022.0,-2.4336156817757915,52.78908045112496
Chiffchaff,22_6_B,2022.0,-2.433720265691846,52.78903458311647
Wren,22_6_C,2022.0,-2.433972546379802,52.78875164963831
Wren,22_6_B,2022.0,-2.4340222562413576,52.788469457128684
Wren,22_6_A,2022.0,-2.4340112212273537,52.78811470996909
Wren,22_6_B,2022.0,-2.4331690501313723,52.78868181021183
Wren,22_6_C,2022.0,-2.432681196873987,52.78942045740744
Wren,22_6_C,2022.0,-2.4321210738835917,52.7874120370512
Skylark,22_6_A,2022.0,-2.4347091475939133,52.78737983579948
Skylark,22_6_C,2022.0,-2.4340884152528965,52.786072124366605
Robin,22_6_A,2022.0,-2.433787120916725,52.786705476623624
Chaffinch,22_6_A,2022.0,-2.433225586038631,52.78682124325535
Chaffinch,22_6_C,2022.0,-2.435489165590459,52.786603718936064
Yellowhammer,22_6_C,2022.0,-2.435762426770373,52.78617060196807
Whitethroat,22_6_C,2022.0,-2.435652213452824,52.78640298345418
Woodpigeon,22_6_A,2022.0,-2.4317712187378127,52.78986764682188
Woodpigeon,22_6_B,2022.0,-2.429468131001801,52.78883176970626
Woodpigeon,22_6_A,2022.0,-2.430417143926784,52.78732420891438
Woodpigeon,22_6_C,2022.0,-2.4309208666116997,52.78750909805784
Chiffchaff,22_6_A,2022.0,-2.431221598077315,52.78965872398205
Chiffchaff,22_6_B,2022.0,-2.430768770029262,52.789432158325546
Chiffchaff,22_6_C,2022.0,-2.430688648794054,52.7894047873426
Chiffchaff,22_6_A,2022.0,-2.4317563361005394,52.788941024741554
Chiffchaff,22_6_A,2022.0,-2.43091622306169,52.7876163051254
Nuthatch,22_6_A,2022.0,-2.431380062990371,52.787804794976665
Nuthatch,22_6_A,2022.0,-2.4299010736331033,52.788778334882764
Blue tit,22_6_C,2022.0,-2.429677541185939,52.78751015155337
Blue tit,22_6_A,2022.0,-2.4293831901406944,52.78773597128037
Blue tit,22_6_A,2022.0,-2.428137754824172,52.78810353752507
Blue tit,22_6_A,2022.0,-2.431001401018014,52.788155404289725
Blue tit,22_6_C,2022.0,-2.4310682059350417,52.7885666334692
Blue tit,22_6_B,2022.0,-2.4309078638320987,52.78850151896889
Great spotted wood,22_6_A,2022.0,-2.4296719516953815,52.78867889054718
Great tit,22_6_A,2022.0,-2.4302670804237616,52.788299838390174
Wren,22_6_A,2022.0,-2.4317466941313235,52.7885434188659
Wren,22_6_C,2022.0,-2.4302883202890286,52.788718148787154
Wren,22_6_A,2022.0,-2.429637573101616,52.78808428251226
Wren,22_6_C,2022.0,-2.429258196411206,52.78778483224268
Wren,22_6_B,2022.0,-2.42876409197843,52.78799754228147
Wren,22_6_B,2022.0,-2.4261478705497423,52.78875038780726
Wren,22_6_C,2022.0,-2.4267368537768075,52.78832296702911
Wren,22_6_A,2022.0,-2.4269264166567877,52.7884605946601
Wren,22_6_B,2022.0,-2.4268297991760734,52.78849551990708
Robin,22_6_A,2022.0,-2.424450700257395,52.789005431941455
Robin,22_6_C,2022.0,-2.424285908330454,52.78906826106022
Robin,22_6_A,2022.0,-2.426261463883334,52.788701571115645
Robin,22_6_A,2022.0,-2.4272711996225707,52.78814124021483
Robin,22_6_B,2022.0,-2.429657579835762,52.78837811858331
Great tit,22_6_B,2022.0,-2.4261284619221146,52.78851533075033
Greenfinch,22_6_A,2022.0,-2.4240212467978703,52.78941844001547
Song thrush,22_6_B,2022.0,-2.430591551398841,52.78765897737453
Blackbird,22_6_B,2022.0,-2.4294649286293106,52.788506753047585
Blackbird,22_6_C,2022.0,-2.429408864165491,52.78802632914066
Goldcrest,22_6_C,2022.0,-2.429013843269687,52.78787561789207
Goldcrest,22_6_B,2022.0,-2.429521293527528,52.787859950102025
Whitethroat,22_6_B,2022.0,-2.4271195833903567,52.78838382867993
Skylark,22_6_C,2022.0,-2.427476557240803,52.78756305631377
Chaffinch,22_6_C,2022.0,-2.4262162767758957,52.7887466842337
Blackbird,22_7_A,2022.0,-2.4254833928513206,52.78243325548899
Blackbird,22_7_B,2022.0,-2.4256518537175142,52.782289191560224
Blackbird,22_7_C,2022.0,-2.424987756742392,52.78386594788592
Blackbird,22_7_C,2022.0,-2.425666434716511,52.7837825879592
Blackbird,22_7_B,2022.0,-2.427014049703071,52.784480326027555
Blackbird,22_7_C,2022.0,-2.4266028055713167,52.78461423011569
Blackbird,22_7_B,2022.0,-2.427944755459882,52.78534876239713
Great tit,22_7_A,2022.0,-2.4252324395199,52.782827749288685
Great tit,22_7_B,2022.0,-2.42762365889866,52.783540125959284
Wren,22_7_B,2022.0,-2.425340045335107,52.78243101089401
Wren,22_7_B,2022.0,-2.4246054879562653,52.783899273707284
Wren,22_7_A,2022.0,-2.4258381761631966,52.78393508663567
Wren,22_7_A,2022.0,-2.427332734865892,52.78360784648014
Wren,22_7_B,2022.0,-2.4271457989747987,52.78387865575629
Wren,22_7_C,2022.0,-2.427407215572662,52.783469636374626
Wren,22_7_C,2022.0,-2.4258724528944136,52.78453271076903
Wren,22_7_C,2022.0,-2.427338988385784,52.784245804219765
Wren,22_7_A,2022.0,-2.427912539642839,52.784732279436575
Wren,22_7_B,2022.0,-2.427799181980154,52.78477292140239
Wren,22_7_B,2022.0,-2.4274101328895887,52.784734091234675
Blue tit,22_7_B,2022.0,-2.425051691547961,52.78299530673269
Blue tit,22_7_C,2022.0,-2.4263172124032617,52.78251371557924
Blue tit,22_7_A,2022.0,-2.4251003194551752,52.783121578975
Blue tit,22_7_B,2022.0,-2.4246492449816732,52.783525524995426
Blue tit,22_7_A,2022.0,-2.425430738741242,52.78395379171246
Blue tit,22_7_C,2022.0,-2.42496664980165,52.78399568869506
Blue tit,22_7_C,2022.0,-2.4271710265211435,52.78355095338385
Blue tit,22_7_C,2022.0,-2.42724933779338,52.783803564360895
Blue tit,22_7_A,2022.0,-2.4272857335382487,52.78364824883273
Blue tit,22_7_B,2022.0,-2.4274833301422336,52.78349809987509
Blue tit,22_7_B,2022.0,-2.4267468291725054,52.78379387859396
Blue tit,22_7_B,2022.0,-2.427231618580677,52.783930074739985
Blue tit,22_7_A,2022.0,-2.426982435214616,52.784620680553
Blue tit,22_7_A,2022.0,-2.427647342736697,52.784756226341926
Robin,22_7_B,2022.0,-2.4245379022648734,52.78377306914902
Robin,22_7_C,2022.0,-2.424556188943225,52.78370403284624
Robin,22_7_A,2022.0,-2.4262244071749426,52.783686553582776
Robin,22_7_A,2022.0,-2.427770349057756,52.78473279242543
Jackdaw,22_7_A,2022.0,-2.427457135266022,52.78469368883803
Jackdaw,22_7_A,2022.0,-2.427101331007136,52.78417768955262
Jackdaw,22_7_C,2022.0,-2.427296155071995,52.78471151169268
Dunnock,22_7_A,2022.0,-2.424710878946069,52.78401384769634
Chiffchaff,22_7_C,2022.0,-2.4273984126184307,52.783538638946915
Chiffchaff,22_7_B,2022.0,-2.4273713838269875,52.78368242561615
Chiffchaff,22_7_A,2022.0,-2.4272943676963945,52.78356200416744
Chiffchaff,22_7_C,2022.0,-2.426510187297459,52.78382921534875
Chiffchaff,22_7_C,2022.0,-2.4270742445476734,52.78431572877466
Chiffchaff,22_7_A,2022.0,-2.4270559053036407,52.78437901808378
Eurasian jay,22_7_A,2022.0,-2.427138403330509,52.78409134248249
Skylark,22_7_A,2022.0,-2.425956306782494,52.78438297280548
Skylark,22_7_A,2022.0,-2.424903880434901,52.784363758051555
Skylark,22_7_B,2022.0,-2.427101367805706,52.785149028628034
Woodpigeon,22_7_A,2022.0,-2.424924631707692,52.78454760590712
Chaffinch,22_7_B,2022.0,-2.4268985281186146,52.784764671862725
Chaffinch,22_7_B,2022.0,-2.4272214635068416,52.78386114048411
Chaffinch,22_7_C,2022.0,-2.4252667932059926,52.78269566187251
Goldfinch,22_7_C,2022.0,-2.424467910707841,52.78339972765776
Blackcap,22_7_C,2022.0,-2.4243630253533004,52.783336879765216
Blackcap,22_7_B,2022.0,-2.4243153502920487,52.78330831251024
Greenfinch,22_7_B,2022.0,-2.431933286242236,52.78263002828645
Jackdaw,22_7_C,2022.0,-2.4321102423415226,52.78394809039444
Jackdaw,22_7_B,2022.0,-2.4321886714553607,52.78247600964011
Skylark,22_7_B,2022.0,-2.428912590297936,52.78490508501644
Skylark,22_7_C,2022.0,-2.4324873285421065,52.78445163806082
Skylark,22_7_B,2022.0,-2.432320204424112,52.78457310647979
Eurasian jay,22_7_A,2022.0,-2.4327829880851386,52.784337757663295
Song thrush,22_7_C,2022.0,-2.430766571508887,52.78469424761356
Song thrush,22_7_A,2022.0,-2.430257542237055,52.784733696112845
Song thrush,22_7_A,2022.0,-2.4330483607457234,52.783850666914006
Song thrush,22_7_A,2022.0,-2.430965982880978,52.782013137585146
Chiffchaff,22_7_A,2022.0,-2.4327715962336254,52.78408265233902
Chiffchaff,22_7_C,2022.0,-2.432018249463953,52.784499005689646
Chiffchaff,22_7_C,2022.0,-2.431450849140194,52.78222086359653
Chiffchaff,22_7_B,2022.0,-2.4317290304683707,52.78257974268311
Chiffchaff,22_7_A,2022.0,-2.432065634658599,52.782575831008465
Chiffchaff,22_7_C,2022.0,-2.4319205835218702,52.782689161216645
Dunnock,22_7_A,2022.0,-2.431931822823122,52.78248231695504
Wren,22_7_B,2022.0,-2.430633339576973,52.78465981665837
Wren,22_7_A,2022.0,-2.430411410564008,52.78461496447999
Wren,22_7_A,2022.0,-2.43284321493563,52.78415759214942
Wren,22_7_A,2022.0,-2.4328556531372314,52.78362576687089
Wren,22_7_A,2022.0,-2.4316390718645984,52.78288893225004
Wren,22_7_A,2022.0,-2.4319877424807146,52.78276143204103
Wren,22_7_B,2022.0,-2.432102879511362,52.78275832681009
Wren,22_7_C,2022.0,-2.432068030100585,52.782817540449784
Wren,22_7_C,2022.0,-2.431171350658951,52.78217622227781
Goldfinch,22_7_B,2022.0,-2.4325334547126163,52.783296594347696
Goldfinch,22_7_A,2022.0,-2.431585493867414,52.78284615513562
Linnet,22_7_A,2022.0,-2.4325638478035225,52.78323471107346
Blue tit,22_7_A,2022.0,-2.430873066954142,52.784712661025665
Blue tit,22_7_B,2022.0,-2.432247361980444,52.783034433273656
Blue tit,22_7_A,2022.0,-2.4318052604603753,52.78267346664645
Blue tit,22_7_B,2022.0,-2.4318723393919477,52.78273768055523
Blackbird,22_7_A,2022.0,-2.430342075277863,52.784770989975684
Blackbird,22_7_A,2022.0,-2.431970530589139,52.78281252412901
Blackbird,22_7_A,2022.0,-2.431692570187344,52.78292365235831
Blackbird,22_7_C,2022.0,-2.4307733494031742,52.78224212688778
Chaffinch,22_7_A,2022.0,-2.4308281342539453,52.78464836611738
Chaffinch,22_7_B,2022.0,-2.4316933147985913,52.78299885085153
Chaffinch,22_7_A,2022.0,-2.431506987785854,52.782969985657864
Robin,22_7_A,2022.0,-2.43000829406874,52.78461374111723
Robin,22_7_B,2022.0,-2.4321040773391656,52.782879181527676
Robin,22_7_C,2022.0,-2.4314658912775666,52.78239806886671
Woodpigeon,22_7_A,2022.0,-2.430421144731216,52.78470355911104
Woodpigeon,22_7_A,2022.0,-2.4316276449558023,52.783076976849785
Woodpigeon,22_7_C,2022.0,-2.4319229781699914,52.78293087065795
Woodpigeon,22_7_C,2022.0,-2.4310079440098455,52.78222515993319
Wren,22_8_A,2022.0,-2.4256970815350307,52.78182499485091
Wren,22_8_C,2022.0,-2.423598256697535,52.781489800405474
Wren,22_8_A,2022.0,-2.423528517120814,52.781455978895146
Wren,22_8_A,2022.0,-2.422854125551417,52.781785062566364
Wren,22_8_B,2022.0,-2.4226639762342534,52.78228677873242
Wren,22_8_B,2022.0,-2.4213176100999183,52.78251603494689
Wren,22_8_A,2022.0,-2.42121878173787,52.782550456626744
Wren,22_8_C,2022.0,-2.420600929440032,52.78189127918079
Wren,22_8_B,2022.0,-2.419916115193974,52.78182756907894
Wren,22_8_B,2022.0,-2.4197526418926834,52.781327109568586
Wren,22_8_B,2022.0,-2.41935861442111,52.7812543499892
Chiffchaff,22_8_B,2022.0,-2.4234754008165122,52.781432118748924
Chiffchaff,22_8_C,2022.0,-2.421693846540484,52.782456577203696
Chiffchaff,22_8_C,2022.0,-2.4213321608196887,52.782311559654104
Chiffchaff,22_8_A,2022.0,-2.4196696270371163,52.78128732032453
Robin,22_8_A,2022.0,-2.4251526206100675,52.78225784105642
Robin,22_8_C,2022.0,-2.4251488268012777,52.78220775082734
Robin,22_8_A,2022.0,-2.4207627125427424,52.78221537803503
Robin,22_8_A,2022.0,-2.4201365592932524,52.78172257230967
Robin,22_8_C,2022.0,-2.419597670139103,52.780679314444285
Song thrush,22_8_C,2022.0,-2.4247930632816823,52.78233228118114
Song thrush,22_8_B,2022.0,-2.4194870080953614,52.78188821031151
Song thrush,22_8_A,2022.0,-2.4194587491312887,52.78273005444955
Goldfinch,22_8_A,2022.0,-2.4206343198509335,52.78192623342365
Blue tit,22_8_B,2022.0,-2.4239404140374137,52.7816659452608
Blue tit,22_8_C,2022.0,-2.4237537264007285,52.7815022719457
Blue tit,22_8_A,2022.0,-2.4233222636752525,52.78131943084833
Blue tit,22_8_A,2022.0,-2.4226155342081204,52.78240419433087
Blue tit,22_8_B,2022.0,-2.4214134526909477,52.782514692317115
Blue tit,22_8_B,2022.0,-2.4207672630948944,52.78200191959854
Blue tit,22_8_A,2022.0,-2.4203123623516065,52.781787084296106
Blue tit,22_8_B,2022.0,-2.419745064844457,52.781913351157336
Blue tit,22_8_B,2022.0,-2.4196427265006335,52.78055289334393
Blackbird,22_8_C,2022.0,-2.4247534560737036,52.781320325621586
Blackbird,22_8_A,2022.0,-2.424696995067537,52.78129246969406
Blackbird,22_8_A,2022.0,-2.4241431026557514,52.78177544891131
Blackbird,22_8_C,2022.0,-2.424063349162506,52.78173164276539
Blackbird,22_8_B,2022.0,-2.4236749085934886,52.78155466155587
Blackbird,22_8_B,2022.0,-2.4229032272031557,52.78173578571417
Blackbird,22_8_C,2022.0,-2.4223758859182403,52.78086786261882
Blackbird,22_8_A,2022.0,-2.420001415334902,52.78244755231661
Blackbird,22_8_C,2022.0,-2.4195264466714446,52.78152131079205
Yellowhammer,22_8_A,2022.0,-2.420797416210016,52.78204389981724
Great tit,22_8_A,2022.0,-2.4230223307545296,52.781747385821575
Great tit,22_8_B,2022.0,-2.4228502452550735,52.78240736594261
Great tit,22_8_B,2022.0,-2.4215354563094063,52.78248419640174
Great tit,22_8_A,2022.0,-2.4206311329813546,52.78262368993491
Great tit,22_8_A,2022.0,-2.420401061554764,52.781730653591474
Great tit,22_8_B,2022.0,-2.4202202225032985,52.7818294980549
Great tit,22_8_A,2022.0,-2.4197014659759932,52.78047452347819
Goldfinch,22_8_A,2022.0,-2.424374795278729,52.781129282587365
Dunnock,22_8_C,2022.0,-2.425676146458232,52.78205053725415
Dunnock,22_8_C,2022.0,-2.424560799042068,52.78224092191361
Dunnock,22_8_A,2022.0,-2.4225653922659003,52.7823462525791
Dunnock,22_8_A,2022.0,-2.4212227491984164,52.782276875665005
Dunnock,22_8_C,2022.0,-2.4196172170650896,52.78133660754438
Blackcap,22_8_C,2022.0,-2.422664627108304,52.7823539155387
Blackcap,22_8_C,2022.0,-2.420341761320872,52.78175090533577
Blackcap,22_8_B,2022.0,-2.4199686839238326,52.781451604218596
Blackcap,22_8_C,2022.0,-2.419625159422287,52.780444731224115
Chaffinch,22_8_C,2022.0,-2.425208412801681,52.78153915204656
Chaffinch,22_8_C,2022.0,-2.4227862199330494,52.78262203859199
Woodpigeon,22_8_B,2022.0,-2.4228925908329106,52.78268378804857
Woodpigeon,22_8_B,2022.0,-2.419914325234705,52.78198490142539
Woodpigeon,22_8_A,2022.0,-2.4198518157139617,52.78201518505195
Woodpigeon,22_8_C,2022.0,-2.4196115381215653,52.78212025146603
Skylark,22_8_C,2022.0,-2.423241197675171,52.78250217059547
Blackbird,22_8_C,2022.0,-2.4228450231681817,52.78003585590033
Blackbird,22_8_B,2022.0,-2.4231359710427642,52.77979608404628
Blackbird,22_8_C,2022.0,-2.4235100008989057,52.779424467436854
Blackbird,22_8_A,2022.0,-2.4240598112998146,52.778952342597414
Blackbird,22_8_C,2022.0,-2.422907364810307,52.77859348501373
Blackbird,22_8_A,2022.0,-2.4227349326064456,52.77862576865533
Blackbird,22_8_A,2022.0,-2.4212162348018813,52.77944238155564
Blackbird,22_8_A,2022.0,-2.4222357206315777,52.78100514330028
Woodpigeon,22_8_A,2022.0,-2.4239090662586418,52.7787360720565
Woodpigeon,22_8_B,2022.0,-2.4232411226992583,52.778626399103345
Woodpigeon,22_8_B,2022.0,-2.4209132738534755,52.77968706346883
Woodpigeon,22_8_C,2022.0,-2.420604458254398,52.779325186057314
Woodpigeon,22_8_C,2022.0,-2.4197744429316965,52.78032447625348
Woodpigeon,22_8_A,2022.0,-2.4194926892112867,52.78026944390062
Blackcap,22_8_B,2022.0,-2.423345924509142,52.77866256592976
Blackcap,22_8_C,2022.0,-2.419879996661002,52.780438597425345
Robin,22_8_C,2022.0,-2.4235376011968097,52.7793707755014
Robin,22_8_A,2022.0,-2.423605515998491,52.77933155592338
Robin,22_8_C,2022.0,-2.423907938329858,52.779033275657184
Robin,22_8_A,2022.0,-2.424111561325007,52.77890343628271
Robin,22_8_A,2022.0,-2.423824373488203,52.77870226991881
Robin,22_8_C,2022.0,-2.4225154032009977,52.778772714779876
Robin,22_8_A,2022.0,-2.4219898090523957,52.77884279608246
Robin,22_8_B,2022.0,-2.4207181188773084,52.77986315244054
Robin,22_8_A,2022.0,-2.4199553645557232,52.78033845203347
House sparrow,22_8_B,2022.0,-2.4213847784840525,52.7785915971928
Wren,22_8_C,2022.0,-2.4241913369423993,52.77884468544671
Wren,22_8_B,2022.0,-2.424043268599916,52.7789036805138
Wren,22_8_A,2022.0,-2.42349004676846,52.77861089400971
Wren,22_8_B,2022.0,-2.422845642311214,52.778442669273986
Wren,22_8_A,2022.0,-2.422110380893784,52.77843310853469
Wren,22_8_C,2022.0,-2.421782362636471,52.778578003379174
Wren,22_8_A,2022.0,-2.4205236899494476,52.77886505685622
Wren,22_8_C,2022.0,-2.4206773347039814,52.77979995953562
Wren,22_8_A,2022.0,-2.4206847347170273,52.779734159625555
Wren,22_8_B,2022.0,-2.4202000005217275,52.78029373631524
Wren,22_8_A,2022.0,-2.4202471756150135,52.78018638244875
Wren,22_8_B,2022.0,-2.419695197976158,52.78043925161834
Great tit,22_8_C,2022.0,-2.423707401239794,52.77865396669112
Great tit,22_8_B,2022.0,-2.4195056459128153,52.78078097087371
Great tit,22_8_A,2022.0,-2.4198695222548166,52.780185284157106
Blue tit,22_8_C,2022.0,-2.419490256026772,52.78085167108193
Blue tit,22_8_C,2022.0,-2.4205571680453737,52.779836926692774
Chiffchaff,22_8_A,2022.0,-2.4234425501521297,52.77868414548769
Chiffchaff,22_8_B,2022.0,-2.4206350936098633,52.77958573597468
Chiffchaff,22_8_A,2022.0,-2.420234330351559,52.77927046889075
Chaffinch,22_8_A,2022.0,-2.4217344037241686,52.77901910115699
Goldcrest,22_8_B,2022.0,-2.4230393649035875,52.778534548686416
Goldcrest,22_8_A,2022.0,-2.4228503681860523,52.77851573428546
Goldfinch,22_8_C,2022.0,-2.4239465948061194,52.77887722949276
Goldfinch,22_8_A,2022.0,-2.4238297166659146,52.77883867029791
Goldfinch,22_8_B,2022.0,-2.4205886250543465,52.779766169345066
Goldfinch,22_8_C,2022.0,-2.4206923462425056,52.77969028351684
Woodpigeon,23_1_C,2023.0,-2.4462278626938705,52.767833950582926
Woodpigeon,23_1_B,2023.0,-2.4492043325101878,52.770129417319
Woodpigeon,23_1_C,2023.0,-2.4493426405175645,52.770170706666136
Woodpigeon,23_1_B,2023.0,-2.449503784744436,52.770197971490504
Woodpigeon,23_1_A,2023.0,-2.4494243614421163,52.77029583711041
Woodpigeon,23_1_D,2023.0,-2.4492523012928324,52.77032436471476
Woodpigeon,23_1_D,2023.0,-2.4491424347208426,52.769697580132245
Woodpigeon,23_1_A,2023.0,-2.4454094985768595,52.767579178260185
Blackbird,23_1_A,2023.0,-2.4464129018249543,52.767951725364895
Blackbird,23_1_D,2023.0,-2.447034747100768,52.76808876054537
Blackbird,23_1_C,2023.0,-2.4473298389699085,52.76885422653292
Blackbird,23_1_C,2023.0,-2.4471490082185197,52.76914760232353
Blackbird,23_1_C,2023.0,-2.44774400826361,52.7694011501205
Blackbird,23_1_D,2023.0,-2.4496904207624857,52.76993383949958
Blackbird,23_1_B,2023.0,-2.4500136031798103,52.76989693265136
Blackbird,23_1_D,2023.0,-2.4484617699017854,52.77130774155548
Skylark,23_1_D,2023.0,-2.446266901844755,52.767382218956854
Skylark,23_1_D,2023.0,-2.4454128402207367,52.76799646339747
Skylark,23_1_C,2023.0,-2.447278880716903,52.76782887557172
Skylark,23_1_A,2023.0,-2.4474939040534984,52.768002008003236
Skylark,23_1_C,2023.0,-2.4459593283747036,52.7689444095411
Skylark,23_1_D,2023.0,-2.4459206800442628,52.76947976623975
Skylark,23_1_B,2023.0,-2.4463262094514495,52.7695852827441
Skylark,23_1_D,2023.0,-2.4474013678407505,52.77045094923917
Skylark,23_1_A,2023.0,-2.4490162015249752,52.7701593992427
Skylark,23_1_D,2023.0,-2.4500541070831794,52.77097166165531
Skylark,23_1_C,2023.0,-2.4496514064625194,52.771142672972964
Skylark,23_1_D,2023.0,-2.448687839255899,52.771837637433094
Skylark,23_1_B,2023.0,-2.448378477696195,52.771789746606174
Skylark,23_1_A,2023.0,-2.447407750833627,52.77250702807335
Skylark,23_1_A,2023.0,-2.4462416046742965,52.77137855882544
Skylark,23_1_C,2023.0,-2.445381225421061,52.77138179358699
Skylark,23_1_B,2023.0,-2.445274107038387,52.773135012103545
Skylark,23_1_B,2023.0,-2.4438243332884206,52.77231533034766
Great tit,23_1_A,2023.0,-2.4470956931279915,52.768430006814924
Great tit,23_1_A,2023.0,-2.4489022993500953,52.76980999184751
Great tit,23_1_A,2023.0,-2.4499510958028163,52.77011961707993
Robin,23_1_B,2023.0,-2.4467911890315803,52.7678666737583
Robin,23_1_A,2023.0,-2.447056020755958,52.76904341947476
Lapwing,23_1_B,2023.0,-2.4462073792384866,52.76807793914282
Goldfinch,23_1_C,2023.0,-2.446607005398596,52.76783252313651
Goldfinch,23_1_D,2023.0,-2.4471853216762147,52.76820666405328
Goldfinch,23_1_A,2023.0,-2.4497764498009174,52.76989727493917
Carrion crow,23_1_C,2023.0,-2.446398631405865,52.767679992009484
Carrion crow,23_1_D,2023.0,-2.447675308877375,52.76892958059981
Carrion crow,23_1_D,2023.0,-2.448071820050189,52.771736548395516
Carrion crow,23_1_A,2023.0,-2.449567841638473,52.77083886717989
Carrion crow,23_1_A,2023.0,-2.4473855532840805,52.772045771007576
Lapwing,23_1_C,2023.0,-2.448825545340042,52.76905067249077
Lapwing,23_1_C,2023.0,-2.4451482591019484,52.77125276819091
Lapwing,23_1_A,2023.0,-2.4466992054094043,52.77234802102979
Chaffinch,23_1_C,2023.0,-2.4461780570078284,52.767457817426276
Chaffinch,23_1_D,2023.0,-2.4463617395825876,52.767443188299936
Chaffinch,23_1_B,2023.0,-2.4463396883764594,52.76753386700766
Chaffinch,23_1_D,2023.0,-2.4464896885398693,52.76759602236758
Chaffinch,23_1_B,2023.0,-2.4494308250278913,52.76980798977601
Magpie,23_1_D,2023.0,-2.447215516135376,52.76891040895816
Magpie,23_1_B,2023.0,-2.4495233170671145,52.76986339035471
Magpie,23_1_B,2023.0,-2.4436114868363186,52.77267321291508
Wren,23_1_D,2023.0,-2.447393700935276,52.76835919377354
Wren,23_1_C,2023.0,-2.447486616246517,52.76845640774192
Wren,23_1_C,2023.0,-2.4470194812443133,52.768841459180834
Chiffchaff,23_1_D,2023.0,-2.449118809632939,52.76963494953548
Chiffchaff,23_1_C,2023.0,-2.449384220122682,52.76974544632976
Chiffchaff,23_1_D,2023.0,-2.4499263910936153,52.76995245727537
Chiffchaff,23_1_C,2023.0,-2.4483014692407714,52.76948472675198
Blackcap,23_1_C,2023.0,-2.4487272297944407,52.769545836376366
Reed bunting,23_1_C,2023.0,-2.448652515578536,52.77121865439368
Woodpigeon,23_1_C,2023.0,-2.446665092629657,52.7690170171425
Whitethroat,23_1_D,2023.0,-2.4476946401432356,52.76857409377722
Robin,23_1_B,2023.0,-2.4501352197681903,52.770146793845356
Robin,23_1_B,2023.0,-2.449246056971294,52.769718094277415
Lapwing,23_1_B,2023.0,-2.447194148325172,52.772429782210374
Lapwing,23_1_B,2023.0,-2.4451775695701055,52.771872889790075
Sedge warbler,23_1_D,2023.0,-2.448870181276687,52.77115511055854
Dunnock,23_1_D,2023.0,-2.4495963495352053,52.77026034063177
Willow warbler,23_1_D,2023.0,-2.448968009715656,52.76949614265241
Wren,23_1_D,2023.0,-2.4499639514488316,52.77025197735187
Yellowhammer,23_1_D,2023.0,-2.4473132525216346,52.771718505708215
Chaffinch,23_2_A,2023.0,-2.4451506648885277,52.766942032308954
Chaffinch,23_2_D,2023.0,-2.445173696325618,52.76683781508235
Chaffinch,23_2_D,2023.0,-2.445035416755663,52.76686391014596
Chaffinch,23_2_D,2023.0,-2.444379912693642,52.766674548835226
Chaffinch,23_2_B,2023.0,-2.4442461161183062,52.766216623657016
Chaffinch,23_2_D,2023.0,-2.439992956309373,52.76594777245893
Chaffinch,23_2_D,2023.0,-2.4373730066300046,52.764758814940436
Chaffinch,23_2_C,2023.0,-2.4371431692427383,52.764752693642876
Chaffinch,23_2_D,2023.0,-2.4371973986649382,52.764431924247624
Chaffinch,23_2_D,2023.0,-2.4378235199999794,52.76385816393566
Great tit,23_2_A,2023.0,-2.444747372459241,52.766870835874215
Great tit,23_2_B,2023.0,-2.444620355074145,52.76680859213257
Great tit,23_2_B,2023.0,-2.4437409601841327,52.76619862321349
Great tit,23_2_A,2023.0,-2.443301484400912,52.765914542174755
Great tit,23_2_A,2023.0,-2.4374521674897847,52.76463308268791
Great tit,23_2_C,2023.0,-2.436512616811969,52.76373755715148
Blackbird,23_2_A,2023.0,-2.44346338840908,52.76601847026187
Blackbird,23_2_C,2023.0,-2.4408660964059994,52.765944529155234
Blackbird,23_2_D,2023.0,-2.4404773809201727,52.76613413414666
Blackbird,23_2_D,2023.0,-2.437684171613216,52.76485523131681
Blackbird,23_2_A,2023.0,-2.4374893579467987,52.76490473260239
Blackbird,23_2_D,2023.0,-2.4370866033930234,52.76369362916649
Skylark,23_2_D,2023.0,-2.4444393014855015,52.767081058014824
Skylark,23_2_A,2023.0,-2.444022149868385,52.76560521394793
Skylark,23_2_B,2023.0,-2.4441570330783033,52.76531201488513
Skylark,23_2_A,2023.0,-2.4435365824945343,52.7653073685511
Skylark,23_2_C,2023.0,-2.443261849466236,52.765405960560905
Skylark,23_2_D,2023.0,-2.442778451665835,52.766453101844064
Skylark,23_2_C,2023.0,-2.4417206209914935,52.76523748978073
Skylark,23_2_B,2023.0,-2.4404468548002702,52.76652450593192
Skylark,23_2_C,2023.0,-2.4397546442853733,52.766241350353866
Skylark,23_2_C,2023.0,-2.439145022344471,52.76503102112659
Woodpigeon,23_2_D,2023.0,-2.4441524265466086,52.765988015585926
Woodpigeon,23_2_D,2023.0,-2.4439630760568334,52.76657411238347
Woodpigeon,23_2_D,2023.0,-2.4421913918449913,52.76634379025258
Woodpigeon,23_2_B,2023.0,-2.4392543122702524,52.76561600395016
Woodpigeon,23_2_B,2023.0,-2.4394918520325,52.765245771983366
Woodpigeon,23_2_C,2023.0,-2.437295382066024,52.76503785728372
Woodpigeon,23_2_C,2023.0,-2.437129027509033,52.76448792754465
Robin,23_2_A,2023.0,-2.437121379500312,52.76487124528913
Robin,23_2_B,2023.0,-2.4372802614143096,52.76467553021295
Robin,23_2_A,2023.0,-2.437236228021235,52.76372095309934
Lapwing,23_2_B,2023.0,-2.4420453351904334,52.76553594238883
Lapwing,23_2_C,2023.0,-2.4410221420640257,52.76660599433988
Pied wagtail,23_2_B,2023.0,-2.4450072101927716,52.766437789134
Magpie,23_2_B,2023.0,-2.4437130919806216,52.765717873334594
Magpie,23_2_C,2023.0,-2.442955975104995,52.76583220662913
Magpie,23_2_D,2023.0,-2.4377602550100668,52.76442287856883
Willow warbler,23_2_C,2023.0,-2.444695378511075,52.76627867434017
Willow warbler,23_2_C,2023.0,-2.4401545010322923,52.76601686188197
Woodpigeon,23_2_A,2023.0,-2.439000721539321,52.76553331633653
Chiffchaff,23_2_C,2023.0,-2.439519392581447,52.7656986484323
Chiffchaff,23_2_D,2023.0,-2.4382905365189003,52.76460211097539
Goldfinch,23_2_C,2023.0,-2.437353484261536,52.763957463301935
Goldfinch,23_2_D,2023.0,-2.437732174234085,52.763914252423014
Whitethroat,23_2_D,2023.0,-2.444909638824498,52.76700960512331
Wren,23_2_D,2023.0,-2.4405933239961666,52.76623823686976
Spotted flycatcher,23_2_D,2023.0,-2.440237383332945,52.76626046567457
Wren,23_2_D,2023.0,-2.437420596648168,52.76377602427773
Greenfinch,23_2_D,2023.0,-2.4378420717976357,52.76456195449175
Blackbird,23_3_C,2023.0,-2.435923404243606,52.771440426319195
Blackbird,23_3_A,2023.0,-2.436468557032122,52.77072422745511
Blackbird,23_3_C,2023.0,-2.4360003892194357,52.770801793396174
Blackbird,23_3_C,2023.0,-2.4340444222914623,52.76902664575002
Blue tit,23_3_C,2023.0,-2.436490425555942,52.77186812047941
Blue tit,23_3_A,2023.0,-2.4352244242186196,52.76927513227926
Chaffinch,23_3_B,2023.0,-2.436316926888609,52.771192487410275
Chiffchaff,23_3_C,2023.0,-2.435473860724693,52.77129671135129
Chiffchaff,23_3_B,2023.0,-2.434754064934218,52.76913149097282
Dunnock,23_3_C,2023.0,-2.4365122160587016,52.77196284469
Long-tailed tit,23_3_A,2023.0,-2.4354855435124496,52.77142307435328
Robin,23_3_B,2023.0,-2.4363807156769646,52.77131865858584
Robin,23_3_A,2023.0,-2.434834605607416,52.770938800488864
Robin,23_3_B,2023.0,-2.435242237625629,52.76897169260132
Robin,23_3_A,2023.0,-2.435034527802618,52.76904197813495
Robin,23_3_C,2023.0,-2.434315346804172,52.76902565369531
Skylark,23_3_A,2023.0,-2.434757177953003,52.768398324988155
Wren,23_3_C,2023.0,-2.4363721286916586,52.77150197875871
Wren,23_3_A,2023.0,-2.435661496700012,52.77130234239341
Wren,23_3_C,2023.0,-2.436000957813992,52.77085867397032
Wren,23_3_A,2023.0,-2.4353050739408566,52.769003063421266
Wren,23_3_A,2023.0,-2.434274798728311,52.769139567567464
Wren,23_3_C,2023.0,-2.4340672752207886,52.769228811611825
Blackbird,23_3_C,2023.0,-2.44022339665382,52.77519236535872
Blackbird,23_3_B,2023.0,-2.440309710165325,52.77527626844696
Blackcap,23_3_B,2023.0,-2.4411247573071293,52.77558421850936
Blackcap,23_3_C,2023.0,-2.4412633739728347,52.77555778783006
Blackcap,23_3_C,2023.0,-2.440850798091396,52.77596100393243
Blackcap,23_3_B,2023.0,-2.436537938674738,52.772018452164744
Blackcap,23_3_B,2023.0,-2.4364072529756036,52.77390424554788
Blackcap,23_3_A,2023.0,-2.436968005303343,52.774426958029736
Blue tit,23_3_A,2023.0,-2.4400825576873197,52.77499852608137
Blue tit,23_3_C,2023.0,-2.4393482265453876,52.77421732212638
Blue tit,23_3_C,2023.0,-2.436481237161792,52.77275723693783
Blue tit,23_3_B,2023.0,-2.436398969002603,52.77414398924457
Blue tit,23_3_A,2023.0,-2.4364682519409397,52.77466203304404
Chaffinch,23_3_A,2023.0,-2.440493544653938,52.77549586267895
Chaffinch,23_3_B,2023.0,-2.4406126282842853,52.77565090988884
Chaffinch,23_3_A,2023.0,-2.4381330067028912,52.774480967846685
Chiffchaff,23_3_B,2023.0,-2.4404915160593004,52.77529502943482
Chiffchaff,23_3_A,2023.0,-2.440263185064027,52.77490067455725
Chiffchaff,23_3_C,2023.0,-2.440203600346741,52.77534792848757
Chiffchaff,23_3_B,2023.0,-2.441561316765135,52.775440061520115
Chiffchaff,23_3_A,2023.0,-2.437888084616446,52.774559617369135
Chiffchaff,23_3_A,2023.0,-2.4363764368722935,52.77402745493088
Chiffchaff,23_3_C,2023.0,-2.4362149664171513,52.77390495307128
Chiffchaff,23_3_A,2023.0,-2.4363553054921967,52.7719154645874
Cuckoo,23_3_B,2023.0,-2.436993590333387,52.77484798151025
Collared dove,23_3_C,2023.0,-2.436413332687337,52.77344423293277
Dunnock,23_3_A,2023.0,-2.4421605474985366,52.77553500966548
Great tit,23_3_A,2023.0,-2.4363365338315113,52.772174683166355
Robin,23_3_A,2023.0,-2.4409266277453634,52.77606438174338
Robin,23_3_A,2023.0,-2.4365540030262984,52.772556128219954
Robin,23_3_B,2023.0,-2.4367759111094127,52.774447101954785
Skylark,23_3_B,2023.0,-2.441040082872569,52.774606244442865
Skylark,23_3_A,2023.0,-2.43951905876561,52.773147697531925
Skylark,23_3_B,2023.0,-2.4380188382426917,52.772686779690545
Song thrush,23_3_A,2023.0,-2.4363581830784637,52.77433850139436
Song thrush,23_3_C,2023.0,-2.4359630529575567,52.77435291224839
Whitethroat,23_3_C,2023.0,-2.442072850783479,52.77531505963813
Whitethroat,23_3_B,2023.0,-2.441615256382447,52.77549169053189
Whitethroat,23_3_B,2023.0,-2.4403055239054328,52.774861644941964
Woodpigeon,23_3_C,2023.0,-2.4395190837917853,52.77421021022206
Woodpigeon,23_3_B,2023.0,-2.4410021956956953,52.77614184554144
Wren,23_3_B,2023.0,-2.441338023732831,52.77554455254975
Wren,23_3_A,2023.0,-2.440753340767821,52.77583179152394
Wren,23_3_C,2023.0,-2.4404502893132536,52.77544419347461
Wren,23_3_A,2023.0,-2.440406968649448,52.775386045762005
Wren,23_3_B,2023.0,-2.440277334383766,52.77524399498493
Wren,23_3_C,2023.0,-2.4401800765438537,52.775134217559604
Wren,23_3_C,2023.0,-2.440016728370486,52.77482708388966
Wren,23_3_A,2023.0,-2.4366004287394682,52.772925245288384
Wren,23_3_A,2023.0,-2.4381956709559747,52.77433820411614
Wren,23_3_A,2023.0,-2.4377154700691013,52.774391807558494
Wren,23_3_B,2023.0,-2.4378119395937974,52.774423845093416
Dunnock,23_4_A,2023.0,-2.4291491438646973,52.77135546643476
Dunnock,23_4_A,2023.0,-2.429704053824447,52.771528844099166
Chiffchaff,23_4_A,2023.0,-2.42871541251585,52.77120237606459
Skylark,23_4_A,2023.0,-2.4284725737504314,52.77193470858749
Skylark,23_4_A,2023.0,-2.428078007665555,52.76994693337555
Robin,23_4_A,2023.0,-2.4292729551822947,52.768823130230935
Blue tit,23_4_A,2023.0,-2.429246725943296,52.768399516413275
Wren,23_4_A,2023.0,-2.4276846149652505,52.768075114413676
Blackbird,23_4_A,2023.0,-2.429068319253291,52.76820391807028
Chiffchaff,23_4_A,2023.0,-2.4295737101069124,52.76800138396858
Blackcap,23_4_A,2023.0,-2.429220146154618,52.76794022308644
Great tit,23_4_A,2023.0,-2.42894742338118,52.76787430862903
Blue tit,23_4_A,2023.0,-2.426907184539389,52.76527697738531
Wren,23_4_A,2023.0,-2.4271764815765065,52.7649950214932
Mallard,23_4_A,2023.0,-2.4300664526682234,52.76502471501664
Mallard,23_4_A,2023.0,-2.430089741654549,52.76514951320452
Mallard,23_4_A,2023.0,-2.4301134265265247,52.765314450804254
Mallard,23_4_A,2023.0,-2.4298488625093544,52.765328790525146
Mallard,23_4_A,2023.0,-2.429810824883497,52.76519958566509
Mallard,23_4_A,2023.0,-2.4297726117364746,52.765052541046096
Mallard,23_4_A,2023.0,-2.4294789460546022,52.76509820609251
Mallard,23_4_A,2023.0,-2.4295169826086784,52.765227411063414
Mallard,23_4_A,2023.0,-2.429554975474702,52.76535215608309
Mallard,23_4_A,2023.0,-2.4293494079910714,52.76538412131635
Mallard,23_4_A,2023.0,-2.4292746524142816,52.76525950933845
Coot,23_4_A,2023.0,-2.4289428620706857,52.76516704813789
Moorhen,23_4_A,2023.0,-2.4291851042456227,52.76512603066833
Blue tit,23_4_B,2023.0,-2.429353929550001,52.77182001826096
Garden warbler,23_4_B,2023.0,-2.4290289602404407,52.77167847163828
Willow warbler,23_4_B,2023.0,-2.428563921914956,52.77150174974072
Chiffchaff,23_4_B,2023.0,-2.428253708688479,52.771364607750556
Blackbird,23_4_B,2023.0,-2.4278505248543,52.771495405857095
Blackcap,23_4_B,2023.0,-2.429305768193405,52.7714098643511
Skylark,23_4_B,2023.0,-2.4311136210719195,52.77054250757871
Great tit,23_4_B,2023.0,-2.4293682408961335,52.77028569529105
Cuckoo,23_4_B,2023.0,-2.430862491353534,52.76894224743604
Tree creeper,23_4_B,2023.0,-2.4295800788392827,52.76864807432664
Wren,23_4_B,2023.0,-2.4291769240541696,52.768778876939685
Blackbird,23_4_B,2023.0,-2.429274690255684,52.76825223211883
Blackbird,23_4_B,2023.0,-2.429109498578757,52.76790494283305
Wren,23_4_B,2023.0,-2.428043211469055,52.76789987679215
Chiffchaff,23_4_B,2023.0,-2.4279214464588743,52.76823036315804
Robin,23_4_B,2023.0,-2.4282324244435873,52.7684477849545
Redstart,23_4_B,2023.0,-2.4276420340216993,52.76748207566174
Whitethroat,23_4_B,2023.0,-2.425609072584361,52.767128122982136
Reed warbler,23_4_B,2023.0,-2.4308506748530205,52.76551247835123
Dunnock,23_4_B,2023.0,-2.4309154349921847,52.76462468404478
Reed warbler,23_4_B,2023.0,-2.4303366075959794,52.76483195070233
Mallard,23_4_B,2023.0,-2.429988519183579,52.76532382404165
Mallard,23_4_B,2023.0,-2.429965142476707,52.765190105965885
Mallard,23_4_B,2023.0,-2.4299193564414616,52.765020788379076
Mallard,23_4_B,2023.0,-2.4297018531363914,52.765333783491506
Mallard,23_4_B,2023.0,-2.429671168585263,52.76520455193871
Mallard,23_4_B,2023.0,-2.4296551894630434,52.76507526708769
Chiffchaff,23_4_C,2023.0,-2.4296232069491666,52.771533597144696
Wren,23_4_C,2023.0,-2.4287673265465295,52.77124678925602
Dunnock,23_4_C,2023.0,-2.4286267303497717,52.77115809576749
Chaffinch,23_4_C,2023.0,-2.4283347306059824,52.77137769536611
Wren,23_4_C,2023.0,-2.428996586128683,52.76838704142317
Chaffinch,23_4_C,2023.0,-2.428985153799687,52.767972294169155
Robin,23_4_C,2023.0,-2.4280292930124023,52.767980208705985
Whitethroat,23_4_C,2023.0,-2.4265618799234994,52.76756178809855
Wren,23_4_C,2023.0,-2.4271309248949704,52.764848002489465
Chaffinch,23_4_C,2023.0,-2.4268386541753326,52.765036379005956
Mallard,23_4_C,2023.0,-2.430121614679474,52.765399162904764
Mallard,23_4_C,2023.0,-2.430003971851787,52.76539958961472
Mallard,23_4_C,2023.0,-2.429849873254765,52.765431369043334
Mallard,23_4_C,2023.0,-2.4297028196059562,52.76543190207595
Mallard,23_4_C,2023.0,-2.4295192660093408,52.76545932772475
Mallard,23_4_C,2023.0,-2.429298817051559,52.76547350639844
Mallard,23_4_C,2023.0,-2.429071015255702,52.76548771127096
Blackbird,23_5_C,2023.0,-2.4365920572274624,52.78395294769149
Blackbird,23_5_B,2023.0,-2.437760044069152,52.78435111318861
Blackbird,23_5_A,2023.0,-2.4381110605107446,52.78439233150658
Blackbird,23_5_B,2023.0,-2.4389023110168244,52.78451411513128
Blackbird,23_5_C,2023.0,-2.439436008431615,52.7845914992502
Blackbird,23_5_A,2023.0,-2.4337929517307284,52.784524411850086
Blackbird,23_5_B,2023.0,-2.4348122771910634,52.783610867231594
Blackcap,23_5_C,2023.0,-2.4380437334712397,52.78467034203082
Blackcap,23_5_A,2023.0,-2.438526495753133,52.78479610154004
Blackcap,23_5_B,2023.0,-2.439258090046242,52.78456381534544
Blackcap,23_5_C,2023.0,-2.439023991756083,52.78452783625268
Blackcap,23_5_B,2023.0,-2.4379302966943954,52.7840812256864
Blackcap,23_5_C,2023.0,-2.438191301753221,52.78353890937931
Blue tit,23_5_B,2023.0,-2.438278833863547,52.78341104219903
Blue tit,23_5_B,2023.0,-2.437224533339932,52.78409233274616
Blue tit,23_5_A,2023.0,-2.436819630083569,52.78380472582637
Blue tit,23_5_B,2023.0,-2.4363730374780768,52.78402177712125
Bullfinch,23_5_B,2023.0,-2.4385613818345853,52.78408172783902
Canada goose,23_5_A,2023.0,-2.437457415306448,52.783541618837184
Chaffinch,23_5_A,2023.0,-2.4347715883141636,52.785155712084276
Chiffchaff,23_5_B,2023.0,-2.4391982917795225,52.78466040316874
Chiffchaff,23_5_B,2023.0,-2.437766746325839,52.78408749814195
Chiffchaff,23_5_A,2023.0,-2.437118213488462,52.784211765466424
Chiffchaff,23_5_B,2023.0,-2.433863634024018,52.784580839355144
Chiffchaff,23_5_C,2023.0,-2.4333789152034155,52.78425666677512
Dunnock,23_5_C,2023.0,-2.4371087364797113,52.783732802951306
Goldcrest,23_5_B,2023.0,-2.4383395708820315,52.784337635314294
Chiffchaff,23_5_A,2023.0,-2.438436624182059,52.78422673867021
Garden warbler,23_5_B,2023.0,-2.4385675104362328,52.784226254702936
Great spotted wood,23_5_A,2023.0,-2.4384347999651244,52.784045349928135
Great spotted wood,23_5_B,2023.0,-2.4380833303316027,52.78395878537127
Great tit,23_5_A,2023.0,-2.4353032536778185,52.7845613922343
Long-tailed tit,23_5_A,2023.0,-2.437839561619374,52.78482131413102
Mistle thrush,23_5_A,2023.0,-2.434928205251477,52.78351691007475
Moorhen,23_5_A,2023.0,-2.4358219294746086,52.78407198691584
Robin,23_5_B,2023.0,-2.4340473241866105,52.784719048065526
Robin,23_5_B,2023.0,-2.437004121788241,52.78402228755782
Robin,23_5_A,2023.0,-2.4378930715517817,52.78409836897232
Stock dove,23_5_C,2023.0,-2.4374785122445166,52.783314796634905
Tree creeper,23_5_B,2023.0,-2.438371751040337,52.78428366458093
Woodpigeon,23_5_B,2023.0,-2.43700488886701,52.784098810949004
Wren,23_5_C,2023.0,-2.4388844117807245,52.784593541895596
Wren,23_5_B,2023.0,-2.4383462117526578,52.78453317776602
Wren,23_5_B,2023.0,-2.438608467062737,52.7836507394005
Wren,23_5_C,2023.0,-2.438445260453045,52.78369102317934
Wren,23_5_C,2023.0,-2.437766490187147,52.78406199034755
Wren,23_5_B,2023.0,-2.4377535481538817,52.7841697416891
Wren,23_5_A,2023.0,-2.437815853710225,52.78432256411891
Wren,23_5_C,2023.0,-2.4373438409166015,52.78433564298842
Wren,23_5_A,2023.0,-2.4346965464518706,52.78372466367973
Wren,23_5_C,2023.0,-2.4337230247107082,52.784074013293555
Wren,23_5_B,2023.0,-2.4334918081317944,52.784327111758486
Blackbird,23_5_B,2023.0,-2.44066490938157,52.780837153206065
Blackbird,23_5_A,2023.0,-2.439812399794699,52.781123748654565
Blackbird,23_5_A,2023.0,-2.438143968645384,52.782085085762304
Blackcap,23_5_C,2023.0,-2.439612267532869,52.78120951991134
Canada goose,23_5_B,2023.0,-2.4378781609179163,52.78214842225671
Chiffchaff,23_5_B,2023.0,-2.441419142499712,52.781463564079615
Chiffchaff,23_5_A,2023.0,-2.439714756602768,52.781175128259406
Chiffchaff,23_5_B,2023.0,-2.439463293516656,52.781269592502184
Chiffchaff,23_5_C,2023.0,-2.4387466622646814,52.781589688298105
Chiffchaff,23_5_C,2023.0,-2.438123220898658,52.78188109242277
Chiffchaff,23_5_A,2023.0,-2.437554156027392,52.78200223430201
Chiffchaff,23_5_B,2023.0,-2.4376155189605826,52.78206152828808
Great tit,23_5_B,2023.0,-2.438274278663655,52.78202791812828
Wren,23_5_C,2023.0,-2.4407440546890653,52.780805681708976
Wren,23_5_B,2023.0,-2.4408424409023897,52.780827990452764
Long-tailed tit,23_5_A,2023.0,-2.4408855399226903,52.780929865251906
Skylark,23_5_B,2023.0,-2.4410110800482046,52.78178819318638
Wren,23_5_C,2023.0,-2.4384830817423153,52.781874093756585
Wren,23_5_A,2023.0,-2.4383237011003045,52.78182933407742
Wren,23_5_B,2023.0,-2.4381762613380173,52.782042451865266
Wren,23_5_C,2023.0,-2.437568491734785,52.782033358765936
Wren,23_5_A,2023.0,-2.4367419218967683,52.782580592382025
Woodpigeon,23_5_B,2023.0,-2.438477153321347,52.781749406231114
Woodpigeon,23_5_C,2023.0,-2.438094975998094,52.78186135663184
Robin,23_5_A,2023.0,-2.4391005904356073,52.78145800024944
Wren,23_5_B,2023.0,-2.4388398615213753,52.78156100038785
Moorhen,23_5_B,2023.0,-2.436279247911204,52.782590798350576
Long-tailed tit,23_5_A,2023.0,-2.437007563464676,52.7825002532259
Blackbird,23_6_C,2023.0,-2.433994831271588,52.78776204659113
Blackbird,23_6_B,2023.0,-2.433502566527144,52.788932371989596
Blackbird,23_6_C,2023.0,-2.43150278037287,52.78926425519115
Blackbird,23_6_A,2023.0,-2.431201534046697,52.78937609341404
Blackbird,23_6_A,2023.0,-2.4311923825203725,52.78781427487176
Blackcap,23_6_B,2023.0,-2.4346775829482428,52.78674758796231
Blackcap,23_6_B,2023.0,-2.4339958958183243,52.787868966560744
Blackcap,23_6_C,2023.0,-2.432320104906023,52.78720299444098
Blackcap,23_6_B,2023.0,-2.431579840426852,52.789412904405644
Blackcap,23_6_B,2023.0,-2.4296167455567863,52.788358431174444
Blackcap,23_6_B,2023.0,-2.4295955674920107,52.78748784228203
Blue tit,23_6_A,2023.0,-2.4344386995727234,52.78679428782239
Blue tit,23_6_B,2023.0,-2.4340612881063843,52.78684531301771
Blue tit,23_6_B,2023.0,-2.4325839737896744,52.7890388313092
Blue tit,23_6_A,2023.0,-2.43155716318167,52.78903111610391
Blue tit,23_6_A,2023.0,-2.430064635276938,52.78778782020083
Blue tit,23_6_A,2023.0,-2.428284388971573,52.78802338521941
Chaffinch,23_6_A,2023.0,-2.4342310796317093,52.78681796047169
Chaffinch,23_6_A,2023.0,-2.4321778487026036,52.789372539608635
Chiffchaff,23_6_A,2023.0,-2.4330214768835052,52.78679183362252
Chiffchaff,23_6_B,2023.0,-2.4326665597533172,52.787205549674546
Chiffchaff,23_6_A,2023.0,-2.4337371688071565,52.788454175603114
Chiffchaff,23_6_B,2023.0,-2.4339515516695647,52.78847630359958
Chiffchaff,23_6_C,2023.0,-2.4339528442389082,52.78860613497604
Chiffchaff,23_6_A,2023.0,-2.433227889012886,52.78918159176147
Chiffchaff,23_6_B,2023.0,-2.4323184792112507,52.78894433170966
Chiffchaff,23_6_C,2023.0,-2.431837939688866,52.78812506008893
Chiffchaff,23_6_B,2023.0,-2.4317384098474633,52.78825143986141
Chiffchaff,23_6_B,2023.0,-2.430152088438074,52.788990396235825
Chiffchaff,23_6_A,2023.0,-2.4305728585129778,52.78758740322748
Chiffchaff,23_6_C,2023.0,-2.4283877187289686,52.7882826841907
Chiffchaff,23_6_A,2023.0,-2.4282920383223807,52.78816083110168
Dunnock,23_6_B,2023.0,-2.433916728142624,52.78687639171387
Dunnock,23_6_C,2023.0,-2.436136256955291,52.78648637891992
Dunnock,23_6_A,2023.0,-2.4287177913285225,52.78789962057347
Goldcrest,23_6_B,2023.0,-2.4301769167822607,52.78767667041054
Goldcrest,23_6_A,2023.0,-2.4309970270771815,52.789078977569375
Great tit,23_6_A,2023.0,-2.435991012208996,52.78644872587654
Great tit,23_6_C,2023.0,-2.4315640516550494,52.788454466045856
Great tit,23_6_B,2023.0,-2.431259761558108,52.788894724449484
Great tit,23_6_A,2023.0,-2.430204819825325,52.78858924058775
Great tit,23_6_C,2023.0,-2.429741374927812,52.78758278174085
Great tit,23_6_B,2023.0,-2.4299120006229513,52.787639443963606
Robin,23_6_B,2023.0,-2.4334399495911634,52.78770297653448
Robin,23_6_A,2023.0,-2.430657305063091,52.78784676881782
Robin,23_6_B,2023.0,-2.4313367067592644,52.78903191812151
Robin,23_6_A,2023.0,-2.428096555711417,52.78813862466182
Song thrush,23_6_B,2023.0,-2.4296770095070856,52.78872099014849
Song thrush,23_6_B,2023.0,-2.42999856061321,52.787474925651736
Woodpigeon,23_6_C,2023.0,-2.432207943673491,52.787325601968654
Woodpigeon,23_6_B,2023.0,-2.4303808858803246,52.78728260332317
Woodpigeon,23_6_C,2023.0,-2.430092058972275,52.78737530016585
Blue tit,23_6_A,2023.0,-2.4310455969345073,52.78825777871323
Wren,23_6_A,2023.0,-2.4358193525493723,52.786288970990036
Wren,23_6_C,2023.0,-2.433369712773605,52.786973859664776
Wren,23_6_B,2023.0,-2.434162382399696,52.7875093984841
Wren,23_6_C,2023.0,-2.4340097096565145,52.78799111470904
Wren,23_6_C,2023.0,-2.4333232349653087,52.787367356607405
Wren,23_6_A,2023.0,-2.4333287363072538,52.78728714360244
Wren,23_6_C,2023.0,-2.4325056027414123,52.787488721298494
Wren,23_6_A,2023.0,-2.4325255419399663,52.78886338383588
Wren,23_6_B,2023.0,-2.4305082890582974,52.78742725185383
Wren,23_6_B,2023.0,-2.431337802627247,52.789142656676454
Wren,23_6_C,2023.0,-2.431309395723854,52.78881816977981
Wren,23_6_C,2023.0,-2.428893475636098,52.787830248582004
Wren,23_6_A,2023.0,-2.429271653876248,52.78785561125527
Whitethroat,23_6_C,2023.0,-2.435755758252164,52.78622810530633
Wren,23_6_C,2023.0,-2.4303266061419664,52.78880264641238
Wren,23_6_C,2023.0,-2.4319443388596724,52.7893275658216
Blue tit,23_6_C,2023.0,-2.427025900931795,52.78815394078951
Chaffinch,23_6_C,2023.0,-2.4240458633133457,52.78937898276752
Dunnock,23_6_D,2023.0,-2.425741432082436,52.78884974503789
Chaffinch,23_6_C,2023.0,-2.426444947455654,52.78864864458524
Great tit,23_6_A,2023.0,-2.4268621738966525,52.78815834892681
Robin,23_6_A,2023.0,-2.4265052815892774,52.78837729934787
Skylark,23_6_B,2023.0,-2.425936088240046,52.78814258510738
Robin,23_6_B,2023.0,-2.4248687741542634,52.789146915071086
Chiffchaff,23_7_A,2023.0,-2.4326752366593016,52.78409453544629
Song thrush,23_7_A,2023.0,-2.4311794439302994,52.78209667308525
Blackbird,23_7_C,2023.0,-2.4317430060372356,52.782656449750625
Blackbird,23_7_A,2023.0,-2.4316099036328866,52.782885211888676
Blackbird,23_7_C,2023.0,-2.4313524262522943,52.78294257689417
Blackbird,23_7_B,2023.0,-2.432704389894923,52.78404826057653
Blackbird,23_7_C,2023.0,-2.432346730176035,52.7842419337988
Blackbird,23_7_C,2023.0,-2.4306192030861897,52.78451497064137
Blackbird,23_7_B,2023.0,-2.430091003625681,52.784575880522716
Blackbird,23_7_A,2023.0,-2.430056372388251,52.78492483471082
Blackbird,23_7_A,2023.0,-2.4280677068367646,52.784888426202414
Blackbird,23_7_C,2023.0,-2.4275327032350242,52.7846877278196
Blackbird,23_7_B,2023.0,-2.427257484311821,52.78466307054809
Blackbird,23_7_B,2023.0,-2.426810080373799,52.78476727826252
Blackbird,23_7_A,2023.0,-2.427182813052577,52.78395029288357
Blackbird,23_7_C,2023.0,-2.4278426498981935,52.78350931346117
Blackbird,23_7_B,2023.0,-2.425712246437678,52.78238072240038
Chiffchaff,23_7_B,2023.0,-2.4279900507875856,52.78473481153287
Chiffchaff,23_7_A,2023.0,-2.4271428901235046,52.78462500961796
Chiffchaff,23_7_C,2023.0,-2.4271589818339434,52.78454030943008
Chiffchaff,23_7_C,2023.0,-2.4275169027696215,52.78350792333101
Chiffchaff,23_7_B,2023.0,-2.4276011536843214,52.78347171074062
Chiffchaff,23_7_A,2023.0,-2.42490193554844,52.78387640989895
Chiffchaff,23_7_B,2023.0,-2.424631486196376,52.78347212186675
Chiffchaff,23_7_C,2023.0,-2.4244062393637216,52.78336520172406
Song thrush,23_7_C,2023.0,-2.4272683793513457,52.78361654550259
Song thrush,23_7_C,2023.0,-2.42780364185439,52.78470727006225
Song thrush,23_7_C,2023.0,-2.4255484038846604,52.78379714434959
Woodpigeon,23_7_C,2023.0,-2.4310085116294657,52.78195889914009
Woodpigeon,23_7_A,2023.0,-2.431013400885856,52.78202556922274
Woodpigeon,23_7_B,2023.0,-2.430971582504258,52.78207445463826
Woodpigeon,23_7_A,2023.0,-2.4318952377572147,52.78265076558691
Woodpigeon,23_7_B,2023.0,-2.432063525493556,52.78255781554362
Woodpigeon,23_7_B,2023.0,-2.4328495350755874,52.784127243304525
Woodpigeon,23_7_C,2023.0,-2.4317021047952214,52.78439994055404
Woodpigeon,23_7_B,2023.0,-2.429471957014749,52.78480880615928
Woodpigeon,23_7_C,2023.0,-2.4265540311444833,52.78383745562175
Woodpigeon,23_7_A,2023.0,-2.4247633075345596,52.784573281189864
Skylark,23_7_C,2023.0,-2.4305374826695436,52.78427192091641
Skylark,23_7_C,2023.0,-2.4297783907593398,52.78437887409086
Skylark,23_7_A,2023.0,-2.4303132624715174,52.78499411742022
Skylark,23_7_B,2023.0,-2.4261941153494533,52.78488475446234
Skylark,23_7_A,2023.0,-2.426062888460655,52.78430811993519
Dunnock,23_7_A,2023.0,-2.4313168010683635,52.78220112478708
Dunnock,23_7_C,2023.0,-2.4316842473495086,52.78259654841237
Dunnock,23_7_A,2023.0,-2.4300342259710614,52.784850853069024
Dunnock,23_7_A,2023.0,-2.427297859814627,52.783522178603896
Dunnock,23_7_A,2023.0,-2.425187471153547,52.78401068579969
Dunnock,23_7_A,2023.0,-2.4258533279224634,52.783831958575355
Dunnock,23_7_B,2023.0,-2.4254755984462317,52.782378525867074
Robin,23_7_A,2023.0,-2.4314561540490582,52.7822567254269
Robin,23_7_C,2023.0,-2.4319883229530546,52.782599448804646
Robin,23_7_C,2023.0,-2.4321350267761113,52.783396443211345
Robin,23_7_C,2023.0,-2.4327961004226064,52.784071330775895
Robin,23_7_B,2023.0,-2.4305004362211404,52.784536562404256
Robin,23_7_A,2023.0,-2.4274347672771,52.7840026070304
Robin,23_7_C,2023.0,-2.427270742559979,52.784127436248106
Robin,23_7_A,2023.0,-2.4273976720240227,52.78358994950928
Robin,23_7_A,2023.0,-2.426909304982162,52.783667854560434
Robin,23_7_C,2023.0,-2.4263153384645744,52.78376216799404
Robin,23_7_A,2023.0,-2.425199322489037,52.78387037446019
Robin,23_7_B,2023.0,-2.4248240159621646,52.78402000374297
Robin,23_7_B,2023.0,-2.4255230020683403,52.784526473178225
Robin,23_7_B,2023.0,-2.424460966224502,52.78339209777977
Robin,23_7_B,2023.0,-2.4253279990887426,52.78283192344266
Robin,23_7_A,2023.0,-2.425544548460925,52.78267083927261
Chaffinch,23_7_A,2023.0,-2.4306355034318177,52.78221560604039
Chaffinch,23_7_B,2023.0,-2.4306198328215016,52.78215182500371
Chaffinch,23_7_C,2023.0,-2.43092702772234,52.782036712773085
Chaffinch,23_7_A,2023.0,-2.424865952958389,52.783577743190904
Chaffinch,23_7_C,2023.0,-2.4250456313820115,52.783247330882006
Blue tit,23_7_A,2023.0,-2.431439110487312,52.78244213690966
Blue tit,23_7_C,2023.0,-2.4313032823335115,52.78233465367855
Blue tit,23_7_B,2023.0,-2.431792385454574,52.78263637760628
Blue tit,23_7_C,2023.0,-2.4315163613867474,52.78441171197197
Blue tit,23_7_B,2023.0,-2.4301862497205575,52.784731721350546
Blue tit,23_7_C,2023.0,-2.429347877504748,52.78464429215685
Blue tit,23_7_A,2023.0,-2.4281503609821034,52.78474492571356
Blue tit,23_7_B,2023.0,-2.426724051113198,52.78458372328636
Blue tit,23_7_A,2023.0,-2.427170239276553,52.784436201688386
Blue tit,23_7_B,2023.0,-2.4273792683276376,52.78415529132299
Blue tit,23_7_C,2023.0,-2.4272121271110634,52.78429013557196
Blue tit,23_7_B,2023.0,-2.4277398202327594,52.783619941614766
Blue tit,23_7_C,2023.0,-2.427517793150826,52.78355653953723
Blue tit,23_7_C,2023.0,-2.426984495284206,52.783654764974344
Blue tit,23_7_B,2023.0,-2.4253176318797256,52.78399344164735
Blue tit,23_7_A,2023.0,-2.4249976105032993,52.78375236970226
Blue tit,23_7_A,2023.0,-2.4250432083474163,52.78349247716645
Blue tit,23_7_B,2023.0,-2.4246878724648844,52.78357838106981
Blue tit,23_7_B,2023.0,-2.425287618760134,52.78289043009131
Blue tit,23_7_A,2023.0,-2.4251231830368334,52.782809307152235
Blue tit,23_7_B,2023.0,-2.425228614077979,52.78226904268458
Blackcap,23_7_B,2023.0,-2.431906882681986,52.78253381994747
Blackcap,23_7_C,2023.0,-2.4318398783170436,52.782572001941
Blackcap,23_7_B,2023.0,-2.4326813620168823,52.78394637490899
Blackcap,23_7_A,2023.0,-2.43040678843523,52.78464337199808
Blackcap,23_7_C,2023.0,-2.4303288858328247,52.78455318726506
Blackcap,23_7_C,2023.0,-2.4272552812952504,52.78378219509265
Blackcap,23_7_B,2023.0,-2.4250077536618315,52.783311669344606
Blackcap,23_7_A,2023.0,-2.4255074461118884,52.782729134741835
Blackcap,23_7_B,2023.0,-2.4253700371765157,52.78245822532585
Great spotted wood,23_7_A,2023.0,-2.432502086064099,52.78431181701806
Wren,23_7_A,2023.0,-2.4308281053481804,52.781980347628256
Wren,23_7_B,2023.0,-2.431589060143569,52.78251746722698
Wren,23_7_C,2023.0,-2.4308766083333655,52.78201810938419
Wren,23_7_C,2023.0,-2.4310316857372203,52.782125523141985
Wren,23_7_C,2023.0,-2.4318171435366636,52.7827063267954
Wren,23_7_A,2023.0,-2.4317676698723276,52.78305670361732
Wren,23_7_B,2023.0,-2.4316657605294103,52.78297244375307
Wren,23_7_B,2023.0,-2.4328911355656704,52.783744246282104
Wren,23_7_B,2023.0,-2.432572226120069,52.784104361530034
Wren,23_7_C,2023.0,-2.430213429258531,52.78455944277845
Wren,23_7_B,2023.0,-2.429987501802118,52.784589445218764
Wren,23_7_A,2023.0,-2.430022863044646,52.7847585786672
Wren,23_7_A,2023.0,-2.428703610658346,52.78471666225399
Wren,23_7_B,2023.0,-2.4294392401839557,52.78463520643355
Wren,23_7_C,2023.0,-2.429126733383068,52.784671357333785
Wren,23_7_B,2023.0,-2.426883054734943,52.78460066085619
Wren,23_7_A,2023.0,-2.4276188371524463,52.78355325691863
Wren,23_7_B,2023.0,-2.427521718992844,52.78346605793109
Wren,23_7_C,2023.0,-2.4268259236385883,52.78368160056009
Wren,23_7_B,2023.0,-2.4267262218024115,52.78382203799602
Wren,23_7_A,2023.0,-2.4265519254652035,52.78371760608432
Wren,23_7_C,2023.0,-2.425058041139194,52.78402647373754
Wren,23_7_C,2023.0,-2.4255878124316825,52.78258001278425
Goldfinch,23_7_C,2023.0,-2.4308945933036608,52.78194835488748
Goldfinch,23_7_C,2023.0,-2.4309915563206013,52.78209741979306
Greenfinch,23_7_B,2023.0,-2.4284584002003817,52.784743813181734
Greenfinch,23_7_C,2023.0,-2.4252455858901563,52.78252871099336
Great tit,23_7_A,2023.0,-2.4263127303318575,52.782390637415624
Great tit,23_7_A,2023.0,-2.427489458948026,52.783612089473735
Wren,23_7_A,2023.0,-2.4273795190099827,52.78467183031277
Long-tailed tit,23_7_C,2023.0,-2.4251882552879285,52.78306588469468
Skylark,23_8_B,2023.0,-2.422031293701361,52.78261315138906
Mistle thrush,23_8_B,2023.0,-2.4224117375266863,52.782635143270134
Blackbird,23_8_C,2023.0,-2.4250646360394867,52.782234610903686
Blackbird,23_8_C,2023.0,-2.424436324973108,52.78196545898961
Blackbird,23_8_A,2023.0,-2.4224481480940567,52.782419059004084
Blackbird,23_8_A,2023.0,-2.4227453335387454,52.78130028902452
Blackbird,23_8_C,2023.0,-2.4225623081395975,52.781286349828065
Blackbird,23_8_C,2023.0,-2.422715336214721,52.7820845081277
Blackbird,23_8_C,2023.0,-2.4205821071544285,52.78156771021943
Blackbird,23_8_C,2023.0,-2.419254605901048,52.781157464509526
Blackbird,23_8_C,2023.0,-2.420150532099366,52.780483995268014
Blackbird,23_8_C,2023.0,-2.4200591967058895,52.78037032252551
Blackbird,23_8_C,2023.0,-2.4206007482387544,52.77960234762037
Blackbird,23_8_B,2023.0,-2.420381712380873,52.77950280754474
Blackbird,23_8_C,2023.0,-2.4223705113326526,52.77887651227357
Blackbird,23_8_B,2023.0,-2.422776430431374,52.7785511336973
Blackbird,23_8_A,2023.0,-2.4239265274559427,52.779034384950336
Blackbird,23_8_B,2023.0,-2.4238602873726696,52.77915135400749
Song thrush,23_8_B,2023.0,-2.419692550744918,52.78215452285586
Song thrush,23_8_C,2023.0,-2.419950666693215,52.782468785973876
Song thrush,23_8_B,2023.0,-2.4212169481639774,52.77853041868887
Robin,23_8_B,2023.0,-2.4227149519515487,52.782137950960404
Robin,23_8_A,2023.0,-2.422701051042277,52.78219344830855
Robin,23_8_A,2023.0,-2.4207567346334793,52.779713966640536
Robin,23_8_A,2023.0,-2.4215247979259313,52.77950987576257
Robin,23_8_B,2023.0,-2.420165046315421,52.77924329900593
Robin,23_8_B,2023.0,-2.4221265727436805,52.779032051148285
Robin,23_8_A,2023.0,-2.4225471021360407,52.77872413120014
Robin,23_8_C,2023.0,-2.422494504475631,52.77875933829359
Robin,23_8_C,2023.0,-2.4232253462771687,52.77868961106638
Robin,23_8_B,2023.0,-2.423634404340247,52.77868815040639
Robin,23_8_A,2023.0,-2.4233605481650677,52.778735821355134
Great tit,23_8_B,2023.0,-2.424501022517949,52.78218410030998
Great tit,23_8_A,2023.0,-2.424442671914307,52.78212302476168
Great tit,23_8_C,2023.0,-2.423328524632469,52.78138575772458
Great tit,23_8_C,2023.0,-2.4227659122203833,52.78193348793131
Great tit,23_8_B,2023.0,-2.4229585660140796,52.78194739247513
Great tit,23_8_A,2023.0,-2.422742498999675,52.78200069241899
Great tit,23_8_C,2023.0,-2.4226210150088385,52.782377586789906
Great tit,23_8_A,2023.0,-2.4209197996792717,52.782646284886404
Great tit,23_8_B,2023.0,-2.420478787410308,52.78183364238331
Great tit,23_8_A,2023.0,-2.4210156549413346,52.77961382524079
Great tit,23_8_A,2023.0,-2.4216585330726055,52.77940434126992
Greenfinch,23_8_B,2023.0,-2.4248489398848325,52.782325851321474
Dunnock,23_8_B,2023.0,-2.420232097148185,52.78170611142022
Dunnock,23_8_A,2023.0,-2.420362717556839,52.781775687786684
Dunnock,23_8_A,2023.0,-2.4236492849998585,52.781705625834626
Dunnock,23_8_C,2023.0,-2.4228224489334345,52.78180779923325
Dunnock,23_8_C,2023.0,-2.4229701732285847,52.781159408605234
Dunnock,23_8_C,2023.0,-2.421912423842305,52.78226629608797
Blue tit,23_8_B,2023.0,-2.4246828299648837,52.78207255375308
Blue tit,23_8_A,2023.0,-2.4240108678941623,52.78176853623727
Blue tit,23_8_C,2023.0,-2.424992272789004,52.782217360431574
Blue tit,23_8_B,2023.0,-2.422887081544772,52.78202060504802
Blue tit,23_8_C,2023.0,-2.422836519381138,52.78176981109429
Blue tit,23_8_C,2023.0,-2.4225815787374243,52.78228142326226
Blue tit,23_8_A,2023.0,-2.42197105355201,52.782356554930416
Blue tit,23_8_A,2023.0,-2.4212802021290156,52.78258663899713
Blue tit,23_8_B,2023.0,-2.419698570540702,52.78077997982101
Dunnock,23_8_C,2023.0,-2.4198335504029345,52.78080284845832
Blue tit,23_8_A,2023.0,-2.422241394187594,52.7789616029931
Dunnock,23_8_B,2023.0,-2.4241478166271238,52.779024838723075
Woodpigeon,23_8_B,2023.0,-2.4238290032485073,52.781874245363326
Woodpigeon,23_8_A,2023.0,-2.42285424094464,52.78210827131165
Woodpigeon,23_8_A,2023.0,-2.419713561549487,52.78133732308686
Woodpigeon,23_8_B,2023.0,-2.4195599469514497,52.7813787229599
Woodpigeon,23_8_B,2023.0,-2.419688214824052,52.78070414052884
Woodpigeon,23_8_C,2023.0,-2.4193004795906243,52.781423415269565
Woodpigeon,23_8_B,2023.0,-2.4209629986233194,52.779643195242485
Woodpigeon,23_8_A,2023.0,-2.420286596767794,52.779371273736
Woodpigeon,23_8_A,2023.0,-2.422083712350121,52.77907889662
Woodpigeon,23_8_A,2023.0,-2.4234570522898906,52.778761741538446
Woodpigeon,23_8_C,2023.0,-2.4235874421848282,52.77880796875239
Whitethroat,23_8_A,2023.0,-2.422663368804174,52.782278213469006
Whitethroat,23_8_A,2023.0,-2.41981519112885,52.781395329442496
Whitethroat,23_8_B,2023.0,-2.4209522447265313,52.782018734174024
Chiffchaff,23_8_B,2023.0,-2.422081268887893,52.78230655150827
Chiffchaff,23_8_A,2023.0,-2.4226170225099843,52.78246223186296
Chiffchaff,23_8_A,2023.0,-2.4218137258143857,52.78251178481509
Chiffchaff,23_8_B,2023.0,-2.41927191177605,52.781455617635224
Chiffchaff,23_8_A,2023.0,-2.4195766704066517,52.781116016316915
Chiffchaff,23_8_C,2023.0,-2.419641998047219,52.78090274886212
Chiffchaff,23_8_C,2023.0,-2.419956037967546,52.78052809401505
Chiffchaff,23_8_A,2023.0,-2.419849260369201,52.78043508633312
Chiffchaff,23_8_A,2023.0,-2.4239157959939073,52.77892060934894
Blackcap,23_8_B,2023.0,-2.422153198519929,52.78231888957493
Blackcap,23_8_B,2023.0,-2.4239155097070233,52.77883616105708
Blackcap,23_8_C,2023.0,-2.424020674569153,52.77895199852333
Chaffinch,23_8_B,2023.0,-2.422520730898851,52.782383988278184
Chaffinch,23_8_B,2023.0,-2.419881764853162,52.78243984691141
Chaffinch,23_8_B,2023.0,-2.4202262422135767,52.781817715183884
Long-tailed tit,23_8_A,2023.0,-2.4223115696435045,52.77888172871788
Long-tailed tit,23_8_B,2023.0,-2.4206830699033346,52.77978734129215
Goldfinch,23_8_A,2023.0,-2.425317522604701,52.781666748757594
Wren,23_8_B,2023.0,-2.423482300012507,52.78159030718391
Wren,23_8_B,2023.0,-2.4208421747524573,52.782655587679535
Wren,23_8_A,2023.0,-2.420088993015739,52.78178167726288
Wren,23_8_A,2023.0,-2.419244588903689,52.78166845219039
Wren,23_8_B,2023.0,-2.419767363615777,52.78136444798582
Wren,23_8_A,2023.0,-2.419637552551243,52.78096314109019
Blackcap,23_8_C,2023.0,-2.4195999570116564,52.781039642934545
Wren,23_8_C,2023.0,-2.4200307274533723,52.78028107052165
Blackcap,23_8_B,2023.0,-2.421052976306951,52.77953367925717
Blue tit,23_8_C,2023.0,-2.4209380527335176,52.779540728031705
Wren,23_8_B,2023.0,-2.4204120756431955,52.77894160443761
Wren,23_8_A,2023.0,-2.421613417366459,52.77859865996604
Wren,23_8_C,2023.0,-2.423894866521317,52.77896572985444
Chiffchaff,23_9_C,2023.0,-2.415709214637915,52.76636731264464
Chiffchaff,23_9_B,2023.0,-2.414950077644147,52.76535713606783
Song thrush,23_9_B,2023.0,-2.4111858235439927,52.76918717487739
Song thrush,23_9_B,2023.0,-2.415166950932978,52.76736139010085
Song thrush,23_9_C,2023.0,-2.4150511979808247,52.76727119975595
Blackbird,23_9_B,2023.0,-2.4119193140324886,52.76898950001472
Blackbird,23_9_B,2023.0,-2.416104504268405,52.76669036296546
Wren,23_9_C,2023.0,-2.40540385477717,52.77138834691745
Wren,23_9_C,2023.0,-2.4161516889424313,52.767009493273235
Wren,23_9_B,2023.0,-2.4151511683986904,52.76538486521481
Wren,23_9_C,2023.0,-2.4136126686643506,52.764600171508484
Great tit,23_9_B,2023.0,-2.4161904962034053,52.76628283376705
Great tit,23_9_B,2023.0,-2.41420815320407,52.76802678821434
Dunnock,23_9_C,2023.0,-2.4069343228774702,52.77162701520419
Blackbird,23_9_B,2023.0,-2.4157698969168995,52.767937695384994
Blue tit,23_9_B,2023.0,-2.4153681534247133,52.766206762889944
Blue tit,23_9_C,2023.0,-2.4154816475066005,52.766060018462106
Blue tit,23_9_B,2023.0,-2.4160200682771062,52.767665031078124
Robin,23_9_C,2023.0,-2.415430914257394,52.7655584358423
Robin,23_9_C,2023.0,-2.4150827395656758,52.767127367490936
Robin,23_9_B,2023.0,-2.4138712393711765,52.76730935557125
Greenfinch,23_9_B,2023.0,-2.413276332807433,52.769117186733375
Greenfinch,23_9_C,2023.0,-2.4158699388993963,52.76640242974943
Whitethroat,23_9_B,2023.0,-2.4152061164160696,52.7660818903498
Whitethroat,23_9_B,2023.0,-2.4130602226326783,52.76692273908529
Garden warbler,23_9_B,2023.0,-2.415549419085622,52.76529725771483
Garden warbler,23_9_B,2023.0,-2.4120764806263235,52.768598696056294
Garden warbler,23_9_C,2023.0,-2.405200592636198,52.77177233040147
Goldcrest,23_9_B,2023.0,-2.4154982877586804,52.764753863081346
Redstart,23_9_B,2023.0,-2.4160488101937942,52.76585998685418
Blackcap,23_9_B,2023.0,-2.4158627987109926,52.765630665908915
Willow warbler,23_9_C,2023.0,-2.4139837353080345,52.76496125899976
Blackbird,23_9_C,2023.0,-2.4049920852503552,52.771591851758814
Long-tailed tit,23_9_B,2023.0,-2.415479147777519,52.76756936329208
Nuthatch,23_9_B,2023.0,-2.4158718285491694,52.76714525949975
Nuthatch,23_9_B,2023.0,-2.4156546752136743,52.765492017818765
Goldfinch,23_9_C,2023.0,-2.407234825737494,52.77181414340424
Magpie,23_9_C,2023.0,-2.406564816541549,52.771433153980844
Kingfisher,23_9_C,2023.0,-2.4148588661836947,52.7675854730222
Great spotted wood,23_9_C,2023.0,-2.416204479637524,52.76652148543842
Coal tit,23_9_C,2023.0,-2.414910637383691,52.76546236502487
Redstart,23_9_C,2023.0,-2.414045123221012,52.76526960541448
Stock dove,23_9_C,2023.0,-2.4141691386137523,52.76512786496987
Blackbird,23_10_A,2023.0,-2.4128479838844825,52.76416293380588
Blackbird,23_10_B,2023.0,-2.41275787119432,52.764867724799586
Blackbird,23_10_C,2023.0,-2.411261018462812,52.76521538054479
Blackbird,23_10_C,2023.0,-2.4051847075496364,52.7661705041891
Blackbird,23_10_B,2023.0,-2.4052089508904237,52.76590290946369
Blackbird,23_10_C,2023.0,-2.405213433060804,52.76782411550924
Dunnock,23_10_C,2023.0,-2.4121048990994103,52.764476729843885
Dunnock,23_10_A,2023.0,-2.4127050330540016,52.76434493957022
Dunnock,23_10_B,2023.0,-2.412449181604521,52.76555368703542
Robin,23_10_A,2023.0,-2.4129233765241667,52.76482245838284
Robin,23_10_C,2023.0,-2.4117446180581044,52.764534726540916
Robin,23_10_C,2023.0,-2.407143934853889,52.76559634299495
Chiffchaff,23_10_C,2023.0,-2.41235819408312,52.764410997768074
Chiffchaff,23_10_C,2023.0,-2.4078915568243353,52.76551270910882
Chiffchaff,23_10_C,2023.0,-2.4045169531622164,52.766221422838896
Wren,23_10_C,2023.0,-2.4089829887312475,52.76503877675903
Wren,23_10_C,2023.0,-2.4124569505488678,52.764961891100555
Wren,23_10_A,2023.0,-2.4125490401035266,52.7648075486508
Wren,23_10_B,2023.0,-2.4091974931322904,52.76511099443883
Willow warbler,23_10_B,2023.0,-2.412766693907296,52.765212112303544
Linnet,23_10_A,2023.0,-2.4120559622083793,52.76495517894837
Great tit,23_10_A,2023.0,-2.411829238050417,52.76500460523003
Great tit,23_10_C,2023.0,-2.4114511541234664,52.76459249028445
Great tit,23_10_C,2023.0,-2.4112112967559285,52.764666280237236
Song thrush,23_10_C,2023.0,-2.4114157266009464,52.765087105069284
Song thrush,23_10_C,2023.0,-2.4054491266255593,52.76586155628035
Blue tit,23_10_C,2023.0,-2.410783889350751,52.76469208111039
Blue tit,23_10_C,2023.0,-2.404107846874056,52.76678216086801
Blue tit,23_10_C,2023.0,-2.4041905113480038,52.76704939091468
Great tit,23_10_C,2023.0,-2.407464214823931,52.76554660420046
Garden warbler,23_10_B,2023.0,-2.4097314350661447,52.76504429906125
Garden warbler,23_10_C,2023.0,-2.405929250427322,52.76575452996879
Blackcap,23_10_C,2023.0,-2.409316702288969,52.76499709303289
Blackcap,23_10_C,2023.0,-2.404838396281118,52.76773622605445
Whitethroat,23_10_C,2023.0,-2.408637429425666,52.76524262882323
Goldfinch,23_10_C,2023.0,-2.4105493704260317,52.76533330084746
Magpie,23_10_C,2023.0,-2.4063958568837434,52.76563133520008
Goldfinch,23_10_C,2023.0,-2.404171588919628,52.76644958040422
Mistle thrush,23_10_B,2023.0,-2.404159576620521,52.76659553690217
Coal tit,23_10_C,2023.0,-2.405134901762604,52.76800272506533
Blue tit,23_10_C,2023.0,-2.4045031566433366,52.77153603644183
Blue tit,23_10_C,2023.0,-2.4028869614287527,52.76974645490784
Blue tit,23_10_A,2023.0,-2.402971923564195,52.76968390891493
Wren,23_10_C,2023.0,-2.4030759106352115,52.76982882240366
Blackcap,23_10_C,2023.0,-2.403205176047041,52.769932144997
Robin,23_10_A,2023.0,-2.4033003228620395,52.77004595971579
Robin,23_10_C,2023.0,-2.4033956141234376,52.770175338180714
Great tit,23_10_C,2023.0,-2.404424534254999,52.77135990909521
Spotted flycatcher,23_10_C,2023.0,-2.404263305752121,52.77150053772532
Blackcap,23_10_C,2023.0,-2.4043942144856083,52.77178024893673
Blackbird,24_5_A,2024.0,-2.4335166650205386,52.784361093708455
Blackcap,24_5_A,2024.0,-2.437839655994071,52.78469098575189
Blue tit,24_5_A,2024.0,-2.4349521592567998,52.78473103887002
Blue tit,24_5_A,2024.0,-2.4354291579661917,52.78450122481425
Blue tit,24_5_A,2024.0,-2.4377425874409067,52.784691344091
Blue tit,24_5_A,2024.0,-2.4371499044282317,52.78427418750645
Blue tit,24_5_A,2024.0,-2.4380709060286487,52.78355349190324
Blue tit,24_5_A,2024.0,-2.437197606882395,52.783586142234114
Canada goose,24_5_A,2024.0,-2.4374829099836592,52.78420674748039
Blue tit,24_5_A,2024.0,-2.437767233097129,52.7841247724509
Chiffchaff,24_5_A,2024.0,-2.433563077204728,52.78414757420043
Chiffchaff,24_5_A,2024.0,-2.437037863978866,52.78399136012077
Chiffchaff,24_5_A,2024.0,-2.438409786004174,52.78407090052712
Great tit,24_5_A,2024.0,-2.4334300849469894,52.78419588013604
Great tit,24_5_A,2024.0,-2.435543875168152,52.78444562686727
Great tit,24_5_A,2024.0,-2.435090759955389,52.78342100376397
Long-tailed tit,24_5_A,2024.0,-2.43873058063031,52.783996145240614
Long-tailed tit,24_5_A,2024.0,-2.4388974918169906,52.78430451710652
Robin,24_5_A,2024.0,-2.4338397593115118,52.784021035374174
Robin,24_5_A,2024.0,-2.438167244986351,52.784499416264275
Robin,24_5_A,2024.0,-2.43895356458623,52.78445052780162
Robin,24_5_A,2024.0,-2.43872235974303,52.78408353875198
Song thrush,24_5_A,2024.0,-2.4382640639242656,52.783757621703785
Wren,24_5_A,2024.0,-2.434765626706448,52.7837072757647
Wren,24_5_A,2024.0,-2.4378020674946095,52.784006473776266
Wren,24_5_A,2024.0,-2.4386791276302335,52.78449752386354
Wren,24_5_A,2024.0,-2.4387102778673846,52.78382494269358
Wren,24_5_A,2024.0,-2.4378154271877963,52.7834489099366
Woodpigeon,24_5_A,2024.0,-2.4397505791480354,52.784522293480144
Woodpigeon,24_5_A,2024.0,-2.438404632847556,52.783596170099244
Blackbird,24_5_A,2024.0,-2.4411846292002366,52.78085863628412
Blackcap,24_5_A,2024.0,-2.4384243358412685,52.781784893164044
Blue tit,24_5_A,2024.0,-2.437760748749864,52.782074723328066
Chaffinch,24_5_A,2024.0,-2.4413493592140636,52.78103763505989
Chiffchaff,24_5_A,2024.0,-2.4380860404725806,52.7820196385781
Dunnock,24_5_A,2024.0,-2.437405294396056,52.78207603493683
Dunnock,24_5_A,2024.0,-2.4408131036442233,52.78073428968593
Robin,24_5_A,2024.0,-2.4402228742481937,52.78095201631807
Wren,24_5_A,2024.0,-2.4376866056088295,52.78206601641616
Wren,24_5_A,2024.0,-2.4385720794798567,52.78174842451624
Wren,24_5_A,2024.0,-2.439146251182487,52.781405037420484
Wren,24_5_A,2024.0,-2.439407407509706,52.78086523485749
Wren,24_5_A,2024.0,-2.4400754972593637,52.78102440801865
Wren,24_5_A,2024.0,-2.4405773211232757,52.780851913540346
Willow warbler,24_5_A,2024.0,-2.4379096665125637,52.78215499877099
Woodpigeon,24_5_A,2024.0,-2.438057321607371,52.78210955051164
Greylag goose,24_5_A,2024.0,-2.43850346644313,52.78233447445196
Wren,24_6_A,2024.0,-2.43580397493524,52.78618825427721
Wren,24_6_A,2024.0,-2.4337122968179834,52.7869500033775
Wren,24_6_A,2024.0,-2.4332784269311123,52.78724954324617
Wren,24_6_A,2024.0,-2.433878300425372,52.788998289000176
Wren,24_6_A,2024.0,-2.433277775346367,52.78901519825811
Wren,24_6_A,2024.0,-2.431993363547945,52.78859686292256
Wren,24_6_A,2024.0,-2.4312703424079225,52.78911079787804
Wren,24_6_A,2024.0,-2.4312791288241256,52.78877234924164
Wren,24_6_A,2024.0,-2.4289779201265893,52.78799350881711
Woodpigeon,24_6_A,2024.0,-2.429980693245893,52.78754478575538
Woodpigeon,24_6_A,2024.0,-2.4319535004792163,52.789472477376925
Skylark,24_6_A,2024.0,-2.4329977690078977,52.786481773554044
Chaffinch,24_6_A,2024.0,-2.4348445330742927,52.78671411524306
Blue tit,24_6_A,2024.0,-2.4341118463750204,52.786860258838594
Blue tit,24_6_A,2024.0,-2.4335063445698792,52.78698386239122
Blue tit,24_6_A,2024.0,-2.4327525938319883,52.78745377759159
Blue tit,24_6_A,2024.0,-2.4324225581550043,52.787212204186034
Blue tit,24_6_A,2024.0,-2.4302868451076183,52.78844121536483
Blue tit,24_6_A,2024.0,-2.4294977465100334,52.787792991450964
Blue tit,24_6_A,2024.0,-2.4292727158955087,52.78773862956922
Blue tit,24_6_A,2024.0,-2.4280398440010784,52.78823599708455
Blackbird,24_6_A,2024.0,-2.433480120910946,52.789227808491844
Blackbird,24_6_A,2024.0,-2.428240136692951,52.78824263088303
Blackcap,24_6_A,2024.0,-2.433980567040754,52.78890963219441
Blackcap,24_6_A,2024.0,-2.429424142613235,52.78771233225257
Chiffchaff,24_6_A,2024.0,-2.4335526922942647,52.787373607984584
Chiffchaff,24_6_A,2024.0,-2.431636140205393,52.78806111098291
Chiffchaff,24_6_A,2024.0,-2.4336853883908605,52.78912406165136
Chiffchaff,24_6_A,2024.0,-2.4300165376774245,52.7887180789661
Chiffchaff,24_6_A,2024.0,-2.429183083915923,52.787878734797985
Chiffchaff,24_6_A,2024.0,-2.428191237062117,52.78820602302639
Long-tailed tit,24_6_A,2024.0,-2.431955813263033,52.78909358941727
Great tit,24_6_A,2024.0,-2.429488134454678,52.78866481711791
Song thrush,24_6_A,2024.0,-2.4315302292446983,52.78778193475156
Blue tit,24_6_A,2024.0,-2.4302277453684153,52.78766645548321
Robin,24_6_A,2024.0,-2.4276646083173974,52.78803591933269
Blackcap,24_6_A,2024.0,-2.4259805908362058,52.788564613229184
Wren,24_6_A,2024.0,-2.4260909973698963,52.78873607340228
Dunnock,24_6_A,2024.0,-2.425750111638159,52.788822048962665
Greenfinch,24_6_A,2024.0,-2.425432753075846,52.788931481169115
Blue tit,24_6_A,2024.0,-2.425231473589915,52.788998120720265
Dunnock,24_6_A,2024.0,-2.4247942627342014,52.7891621275499
Chaffinch,24_6_A,2024.0,-2.424186372755652,52.78934557698361
Great tit,24_6_A,2024.0,-2.4243605421069816,52.789286098831056
Wren,24_5_B,2024.0,-2.434719735880056,52.785151233844424
Wren,24_5_B,2024.0,-2.4344455180847078,52.783813284604676
Wren,24_5_B,2024.0,-2.435809119807826,52.78306155670534
Wren,24_5_B,2024.0,-2.4372578061079313,52.78433779466632
Wren,24_5_B,2024.0,-2.4380758721226408,52.78460315494454
Wren,24_5_B,2024.0,-2.439321256953661,52.78450202551983
Wren,24_5_B,2024.0,-2.43850200074597,52.78373287821819
Blackcap,24_5_B,2024.0,-2.433605039999179,52.784438312240006
Blackcap,24_5_B,2024.0,-2.4385877047673565,52.784146901473854
Blackcap,24_5_B,2024.0,-2.4389799327591275,52.784538602549446
Dunnock,24_5_B,2024.0,-2.433487926315476,52.78437517685441
Dunnock,24_5_B,2024.0,-2.4393063433290227,52.78340737512879
Chiffchaff,24_5_B,2024.0,-2.4333350729706162,52.784232128982076
Chiffchaff,24_5_B,2024.0,-2.4379617355786407,52.784450553164795
Chiffchaff,24_5_B,2024.0,-2.4393026024462725,52.78457742919826
Blue tit,24_5_B,2024.0,-2.4364972125104534,52.78399452844701
Blue tit,24_5_B,2024.0,-2.437058961806646,52.78425613047673
Blue tit,24_5_B,2024.0,-2.437803364516218,52.78337291178433
Blackcap,24_5_B,2024.0,-2.4386430298823387,52.78347103982114
Blackbird,24_5_B,2024.0,-2.4381138742167323,52.784134527682134
Blackbird,24_5_B,2024.0,-2.4338264427327663,52.78405612128417
Blue tit,24_5_B,2024.0,-2.4355458891386057,52.78321407576734
Mallard,24_5_B,2024.0,-2.4373715949893815,52.784068995640816
Canada goose,24_5_B,2024.0,-2.4375259654459143,52.78358816827049
Robin,24_5_B,2024.0,-2.4386761762428004,52.7839868649369
Moorhen,24_5_B,2024.0,-2.437193545331006,52.78373770919379
Great tit,24_5_B,2024.0,-2.439069804536145,52.7845947707729
Woodpigeon,24_5_B,2024.0,-2.4394558945878146,52.784376753785715
Goldcrest,24_5_B,2024.0,-2.43904373425573,52.784319425254566
Chiffchaff,24_5_B,2024.0,-2.4371820970993876,52.78219339233666
Chiffchaff,24_5_B,2024.0,-2.4389343213915304,52.7814893212421
Chiffchaff,24_5_B,2024.0,-2.441118222458526,52.78096894231664
Wren,24_5_B,2024.0,-2.4374911566174062,52.782038569981594
Wren,24_5_B,2024.0,-2.438590302087509,52.781626196380664
Woodpigeon,24_5_B,2024.0,-2.438002087772299,52.78194326905836
Stock dove,24_5_B,2024.0,-2.438230719504037,52.781945437774034
Robin,24_5_B,2024.0,-2.4392832473425217,52.781346400154796
Blackcap,24_5_B,2024.0,-2.439659381774123,52.78119132362381
Long-tailed tit,24_5_B,2024.0,-2.4403624195864446,52.78092805725211
Whitethroat,24_5_B,2024.0,-2.4410708142250037,52.78094953165326
Whitethroat,24_5_B,2024.0,-2.441010952589721,52.78068156301802
Woodpigeon,24_5_B,2024.0,-2.44114457898808,52.78062682506831
Robin,24_6_B,2024.0,-2.4356300554262544,52.78657075481736
Robin,24_6_B,2024.0,-2.433501733576049,52.78841676514246
Robin,24_6_B,2024.0,-2.431852083561191,52.788948989097065
Robin,24_6_B,2024.0,-2.4304882132608325,52.78853999942743
Robin,24_6_B,2024.0,-2.4278231275707673,52.78820234801856
Skylark,24_6_B,2024.0,-2.435527096253835,52.7872692324566
Blackbird,24_6_B,2024.0,-2.4344923136190975,52.78678541091825
Blackbird,24_6_B,2024.0,-2.432350968740596,52.788491126708216
Blackbird,24_6_B,2024.0,-2.4293691856966984,52.78831252576542
Blackbird,24_6_B,2024.0,-2.4297548670637896,52.78752182061304
Chaffinch,24_6_B,2024.0,-2.4327577619290173,52.78691804251562
Chaffinch,24_6_B,2024.0,-2.4340153461629397,52.78827807318385
Chiffchaff,24_6_B,2024.0,-2.4335206516668237,52.78740988944017
Chiffchaff,24_6_B,2024.0,-2.432795116345668,52.78834918522675
Chiffchaff,24_6_B,2024.0,-2.4306179020675955,52.78878158307677
Chiffchaff,24_6_B,2024.0,-2.4289808527585826,52.78824727840697
Wren,24_6_B,2024.0,-2.4338640566796808,52.78761209976714
Wren,24_6_B,2024.0,-2.4320110405250714,52.7886397029918
Wren,24_6_B,2024.0,-2.4309708594354515,52.78819445893141
Wren,24_6_B,2024.0,-2.4317806840638214,52.789335133009494
Wren,24_6_B,2024.0,-2.42929702163422,52.78803565216335
Wren,24_6_B,2024.0,-2.429255171054429,52.78789899023937
Wren,24_6_B,2024.0,-2.4281881412248025,52.78825014318125
Song thrush,24_6_B,2024.0,-2.4330037356774463,52.78779766196779
Song thrush,24_6_B,2024.0,-2.428198541992046,52.78813083240645
Great spotted wood,24_6_B,2024.0,-2.4315787236783417,52.788223820719814
Blue tit,24_6_B,2024.0,-2.431731284575025,52.78843725564687
Blue tit,24_6_B,2024.0,-2.431593853339447,52.789167427358784
Blue tit,24_6_B,2024.0,-2.427938541811315,52.78817035928493
Woodpigeon,24_6_B,2024.0,-2.4305335332454274,52.7890274518968
Woodpigeon,24_6_B,2024.0,-2.4290758839265907,52.788496005170536
Wren,24_6_B,2024.0,-2.4274362082716885,52.788280919978405
Chaffinch,24_6_B,2024.0,-2.426937734279388,52.788195014644714
Long-tailed tit,24_6_B,2024.0,-2.426340223037778,52.78863216060216
Robin,24_6_B,2024.0,-2.4261212707863837,52.7887276644816
Greenfinch,24_6_B,2024.0,-2.4256827124782148,52.78885202069714
Great tit,24_6_B,2024.0,-2.4254923125487093,52.78890883253228
Robin,24_5_C,2024.0,-2.435012753771059,52.784723459722514
Robin,24_5_C,2024.0,-2.435851438631554,52.78304668739175
Dunnock,24_5_C,2024.0,-2.4347172342605035,52.78368354327014
Blackbird,24_5_C,2024.0,-2.4389630036171654,52.78418288591016
Blackbird,24_5_C,2024.0,-2.4371257850489325,52.78428899019682
Blackbird,24_5_C,2024.0,-2.433535487101386,52.78442355847174
Woodpigeon,24_5_C,2024.0,-2.43716292313306,52.78436242221648
Woodpigeon,24_5_C,2024.0,-2.438611652358173,52.78423568416345
Woodpigeon,24_5_C,2024.0,-2.439510676497222,52.78434638751213
Wren,24_5_C,2024.0,-2.437297240025444,52.78444653125841
Wren,24_5_C,2024.0,-2.438679974409269,52.78379033945628
Blackcap,24_5_C,2024.0,-2.438114518317855,52.783667362630126
Blue tit,24_5_C,2024.0,-2.437486701209206,52.78337540464738
Song thrush,24_5_C,2024.0,-2.437438067106113,52.78457475748331
Chiffchaff,24_5_C,2024.0,-2.4385955985577636,52.7844490934077
Wren,24_5_C,2024.0,-2.437455325048774,52.78206231485411
Wren,24_5_C,2024.0,-2.4385492768847206,52.78165364512816
Wren,24_5_C,2024.0,-2.4396367338953553,52.78120452640561
Chiffchaff,24_5_C,2024.0,-2.437600623753719,52.78203235119792
Chiffchaff,24_5_C,2024.0,-2.43924401793835,52.78136415493214
Woodpigeon,24_5_C,2024.0,-2.4379453009431438,52.78192072538169
Woodpigeon,24_5_C,2024.0,-2.4411295269643802,52.78064721552538
Blackcap,24_5_C,2024.0,-2.4382789898618715,52.78192317104384
Dunnock,24_5_C,2024.0,-2.4390143866489105,52.78145328800806
Long-tailed tit,24_5_C,2024.0,-2.4405312010715012,52.78087014663461
Whitethroat,24_5_C,2024.0,-2.441131871526129,52.78087894906468
Wren,24_6_C,2024.0,-2.435805117132783,52.78622664384439
Wren,24_6_C,2024.0,-2.433592482396924,52.78775211227862
Wren,24_6_C,2024.0,-2.4329277391977833,52.787639589443444
Wren,24_6_C,2024.0,-2.4295674929900892,52.788174837060716
Wren,24_6_C,2024.0,-2.4325828659433815,52.78727875114441
Song thrush,24_6_C,2024.0,-2.4340104423674105,52.78688270065015
Song thrush,24_6_C,2024.0,-2.4334557614494523,52.78735028232412
Song thrush,24_6_C,2024.0,-2.432174581783721,52.78817111264475
Song thrush,24_6_C,2024.0,-2.433606375340805,52.78914872024468
Woodpigeon,24_6_C,2024.0,-2.432100301571422,52.78737247145919
Woodpigeon,24_6_C,2024.0,-2.4337397154219467,52.78825735981573
Robin,24_6_C,2024.0,-2.4329620905821243,52.78838733748365
Robin,24_6_C,2024.0,-2.431604107270262,52.78850264068683
Robin,24_6_C,2024.0,-2.4316330389255403,52.78897337601772
Chiffchaff,24_6_C,2024.0,-2.433945469549672,52.788431563067455
Chiffchaff,24_6_C,2024.0,-2.430821427162108,52.789119786391495
Great spotted wood,24_6_C,2024.0,-2.4321008109962663,52.789030527689015
Blackcap,24_6_C,2024.0,-2.4321928066475316,52.78912951040826
Goldcrest,24_6_C,2024.0,-2.429556135076946,52.787561038080966
Skylark,24_6_C,2024.0,-2.4275172339869417,52.787535299695016
Dunnock,24_6_C,2024.0,-2.4269596869162213,52.788221498571964
Blue tit,24_6_C,2024.0,-2.4261313218986817,52.78871026218805
Whitethroat,24_6_C,2024.0,-2.425571875536654,52.788700775943255
Chiffchaff,23_9_A,2023.0,-2.4050843978626544,52.771247012149914
Chiffchaff,23_9_A,2023.0,-2.410867330266979,52.769119112338316
Chiffchaff,23_9_A,2023.0,-2.4126362840524074,52.768640304733445
Song thrush,23_9_A,2023.0,-2.415385849795698,52.766217724940404
Blackbird,23_9_A,2023.0,-2.4117701475130713,52.76901092481067
Song thrush,23_9_A,2023.0,-2.41467205858049,52.76727252635243
Blackbird,23_9_A,2023.0,-2.4160457303939724,52.76655119134572
Wren,23_9_A,2023.0,-2.4054659054658174,52.77188292558759
Great tit,23_9_A,2023.0,-2.4135101320298538,52.7646911248044
Great tit,23_9_A,2023.0,-2.4105901350949828,52.7692716459013
Dunnock,23_9_A,2023.0,-2.4057745874799865,52.77171461637164
Dunnock,23_9_A,2023.0,-2.413410854405106,52.76811458852589
Robin,23_9_A,2023.0,-2.4156146657960766,52.76555082297211
Robin,23_9_A,2023.0,-2.413948073745631,52.76782002074167
Goldcrest,23_9_A,2023.0,-2.415306662423537,52.76578187575608
Blue tit,23_9_A,2023.0,-2.414478002426226,52.76740561383324
Blue tit,23_9_A,2023.0,-2.414509125834877,52.7682626787104
House sparrow,23_9_A,2023.0,-2.415340009906054,52.766982167012166
